key,14
7-903943,1073938433
5-503508,1073835009
7-160585,1073807361
7-885167,1073756506
7-901305,1073775617
7-880858,1074020353
5-483339,1074266113
7-882873,1073774592
5-484899,1074266113
7-885278,1073742100
7-161743,1074094052
7-882275,1073802838
7-898439,1073998474
7-900231,1074054145
7-882850,1073782017
7-903025,1073798145
7-904880,1073754638
7-161838,1073782017
7-884312,1073840128
7-160615,1073516545
7-900640,1073938433
7-898475,1073594369
7-161978,1073938433
7-160146,1073774592
7-919680,1074200577
7-881411,1074397185
7-898839,1073798145
7-881032,1073550712
7-161936,1073546998
7-882459,1074020353
7-177277,1073516545
7-918047,1073782017
7-160818,1074407937
7-883784,1073782017
7-881274,1074028312
7-901390,1074018561
7-884608,1074049914
7-163948,1073516545
7-899914,1073283073
7-881698,1074002177
7-887005,1073754638
7-884671,1073500588
7-884546,1073782017
7-163513,1073840129
7-880180,1073774592
7-899910,1073584129
7-904702,1073335041
7-163671,1073584232
7-915687,1073594369
5-514999,1073992705
7-914997,1073594369
5-492263,1074135041
5-513885,1073807105
7-892528,1074020628
5-517109,1073773569
5-514610,1074081281
7-898959,1073517160
7-175864,1073754113
7-894116,1073798145
7-895756,1073584232
7-918900,1073631233
7-175894,1073550712
7-172548,1073998474
5-514708,1073835009
7-916026,1073756506
7-175126,1073938433
7-894786,1073584129
7-894463,1073676289
7-897691,1074266113
7-172638,1073756506
7-917018,1073528577
5-494531,1074407937
7-168096,1074205280
7-169642,1074018561
7-914484,1073594369
7-894309,1073546998
7-896391,1073807086
7-897874,1073742081
7-894894,1073842534
7-169821,1073500588
7-895231,1074038518
7-170567,1073741825
7-169356,1073500588
7-171293,1073499272
7-913869,1073774318
7-913992,1073741825
7-915869,1073938433
7-173373,1073754638
7-170955,1073754638
7-913440,1074075752
7-892205,1073807361
7-892345,1073842534
7-913903,1073631233
7-171077,1073840128
7-146701,1073771521
5-488670,1073773569
5-488161,1074135041
7-910589,1073754113
7-913223,1073984513
7-913372,1073756506
7-912954,1073517160
7-893105,1073798145
5-510157,1073992705
7-910513,1073756506
7-146055,1074020353
7-890601,1073774318
5-86520,1074035713
7-147653,1073807086
7-890602,1074075752
7-910766,1073782017
5-511244,1074081281
7-911620,1073754113
7-890040,1073527041
5-87892,1074266113
7-890201,1074397185
7-147550,1073782017
7-888188,1074038518
7-909966,1074135041
7-889391,1073777665
7-890984,1073534209
7-888905,1074052988
7-145969,1073798145
7-891122,1073546998
7-890918,1073527041
5-264433,1073766284
7-142024,1074028312
7-666764,1073756506
7-145714,1073524225
7-889420,1074038518
7-889425,1073774592
7-143112,1073756506
7-142914,1073455338
5-83485,1074266113
7-158744,1074135041
7-666005,1073536792
7-666132,1073594369
7-143456,1073842534
7-143531,1073754638
7-140369,1073524225
7-664813,1073631233
7-665149,1074020353
7-140158,1074205280
7-140132,1073754113
7-141664,1073771521
7-662087,1074050049
5-99451,1074266113
7-158948,1073584129
7-663752,1073536792
7-158907,1074012394
7-663725,1074397185
7-159621,1073775617
7-141348,1073754638
5-99254,1073807105
5-99208,1074050049
7-156023,1073774592
7-660785,1073837724
5-80904,1074081281
7-156077,1073774592
7-157394,1073782017
5-261543,1073774594
7-155970,1073938433
7-155928,1073775617
7-676054,1074050049
7-676038,1073798145
7-661899,1073793281
5-278853,1074397185
7-155667,1073793281
5-277628,1074305702
7-677019,1073798145
7-677176,1073594369
7-679059,1073840129
7-678893,1074075752
7-676136,1073593857
5-95313,1073992705
7-153593,1073500588
7-153554,1073754638
7-152433,1073938433
7-677224,1073550712
7-660705,1073756506
5-260080,1073815670
7-675938,1073837724
7-150745,1073798145
7-675872,1074020353
7-675980,1073782017
7-149835,1074028312
7-150178,1073798145
7-675530,1073802838
7-148444,1073366238
7-674912,1073785860
5-88702,1073773569
7-672773,1073840129
7-149453,1073798145
7-151409,1073840128
7-151268,1073528577
7-151111,1073774592
7-126790,1073528306
7-673514,1073756506
7-673008,1073550712
7-672996,1073631233
7-126351,1074075752
7-151350,1074038518
5-91697,1073992705
7-148881,1073998474
7-151084,1073455338
5-66783,1074266113
7-672881,1073777665
7-670624,1073546998
7-127947,1073775617
5-66074,1074014465
7-670387,1073798145
5-64483,1074407937
5-246154,1073815670
5-269521,1074008680
7-127192,1073366238
7-671047,1073782017
7-124076,1073840129
5-244530,1073815670
5-62611,1074081281
7-671633,1073802838
7-127173,1074049914
7-669792,1073774592
7-671797,1073807636
7-127954,1073366238
7-670272,1074020353
7-127399,1074020353
7-668189,1073785860
7-124191,1073835009
7-646698,1073742100
7-122286,1073802838
7-122162,1073775617
5-247915,1073815670
7-646241,1073782017
7-646023,1074205280
7-647816,1074135041
7-123931,1073793281
7-123559,1073774592
7-645844,1073546998
7-122889,1074020353
7-645712,1074397185
5-245123,1073627136
5-63212,1073835009
7-645279,1073774592
5-60710,1073992705
7-120131,1073774868
6-467090,1073995894
6-464634,1073742100
7-138519,1073872622
7-644865,1074012394
6-465500,1073528558
6-465241,1074266113
7-121226,1073798145
7-642080,1073798145
7-658814,1073998474
6-467129,1073774594
7-136733,1074075752
7-136689,1073754638
6-466059,1073784682
7-134277,1073536792
7-136672,1073527041
7-136760,1073798145
7-642492,1074397185
7-642346,1073782017
5-240414,1073850218
7-640631,1073594369
7-641523,1073774592
6-467869,1073807361
5-241297,1074008680
5-241109,1073766284
7-133516,1074038518
6-464828,1073774594
7-658687,1073807636
7-658571,1073807086
7-640496,1074135041
7-658072,1073584232
6-465109,1073807361
7-1486756,1073782017
5-259326,1073815670
7-641741,1073528306
7-655854,1073842534
5-255540,1074094052
5-254749,1073606042
7-656906,1073802838
7-641834,1073527041
7-641771,1073754638
7-133874,1073782017
5-255987,1074008680
7-654090,1073593857
7-133038,1074018561
7-133026,1074012394
5-255381,1074008680
7-1486541,1073754113
7-128676,1073366238
7-1507668,1073774592
6-462025,1074014465
7-128271,1073742081
6-462189,1074014465
6-463685,1073709057
7-128154,1073938433
7-655469,1073754113
7-130688,1074038518
5-253259,1074008680
6-478607,1074028312
7-130695,1073767772
7-655260,1073527041
7-654832,1074054145
7-655163,1073748646
5-70694,1073992705
7-130173,1073754638
7-1487511,1074038518
7-131903,1073366238
5-253871,1073627136
7-1507340,1073556770
7-652582,1073793281
7-1487319,1073756506
6-461826,1073556481
5-71101,1074266113
7-1507294,1074292060
7-652265,1073798145
7-129594,1073842534
7-652389,1074002177
7-652113,1073524225
7-129005,1073756506
7-652155,1073842534
7-1484475,1073798145
7-129158,1073774318
7-1484502,1073796097
7-1504054,1073774592
6-478337,1073217537
7-652859,1073774318
6-479676,1073742100
7-130915,1073517160
7-653439,1074018561
7-653855,1073774592
7-1484711,1074038518
7-1484339,1073998474
5-248668,1073815670
6-479629,1074014465
7-1485449,1073998474
7-107958,1073782017
6-479430,1074028312
5-250485,1073815670
7-652926,1074018561
6-461598,1073807361
6-479583,1073709057
6-461132,1073741825
7-107058,1073840129
5-226376,1073815670
7-104124,1073774592
7-106821,1073798145
6-476465,1073742100
7-107626,1073842534
7-107600,1073756506
6-476486,1073487756
7-1502297,1073782017
7-652914,1073842534
7-648673,1073527041
5-251601,1074008680
7-648394,1074038518
7-648575,1073756506
7-1484843,1073774318
7-651365,1073606042
6-476044,1073741824
6-477085,1073455338
6-476911,1073529089
6-477271,1073529089
7-626558,1073774868
5-47132,1073815670
7-1483439,1073584129
7-651767,1073837724
7-651756,1074038518
7-107094,1073366238
7-651685,1073631233
7-1485135,1073798145
7-107494,1074048290
5-226784,1073807360
7-649217,1074054145
7-1498607,1073998474
6-476931,1073741550
5-44251,1073850218
7-1503333,1074002177
7-1482836,1073793281
7-626218,1074397185
6-477171,1073774594
7-626043,1073817450
6-475225,1073524225
6-475212,1073984513
7-1498250,1074397185
7-1498219,1074397185
7-102799,1074018561
7-1501878,1073516545
5-44987,1073766284
7-1480088,1073754638
7-1501893,1073366238
7-1481670,1073771521
7-1499786,1073998474
7-1481756,1074397185
7-1499000,1073842534
5-42317,1073553292
7-1501709,1073872622
7-1499312,1073741825
6-473999,1073524225
7-625056,1074002177
7-1498911,1073594369
7-103509,1073807086
7-103385,1073516545
7-624196,1073546998
7-1480959,1073771521
7-1499128,1073850218
7-624017,1074160988
7-1496445,1073283073
6-473524,1073748646
5-40258,1074219326
5-224866,1073850218
7-100663,1073546998
5-43734,1074094052
7-1516405,1073774592
6-473001,1073995894
7-622283,1073774592
7-1497942,1073807086
7-1516098,1073842534
7-1514518,1074266113
5-59591,1073992705
7-1517777,1074266113
5-40655,1073766284
7-119771,1073774592
7-1496817,1073984513
7-100966,1073798145
7-1514523,1073741825
7-119215,1073546998
7-119377,1073798145
6-471859,1073802838
6-468194,1073984513
7-1494200,1073938433
7-1514291,1073517160
6-471533,1073774593
6-469485,1073966081
6-469670,1073995894
7-117671,1074052988
7-1494869,1073817450
6-469208,1073995894
6-446184,1073487756
6-447987,1073550712
7-116390,1073754113
7-623171,1073840129
6-468832,1073741550
7-620307,1073798145
6-468987,1073742081
7-117239,1073500588
7-620395,1073527041
6-468873,1073529089
7-638512,1073584232
7-1515187,1073938433
6-446677,1073455338
7-621667,1073798145
7-621995,1073774318
5-221554,1074042232
6-446009,1073709057
7-1493760,1073742081
7-638012,1073817450
7-1512755,1074020628
6-447344,1073487756
7-1493143,1073793281
5-239051,1073606042
7-621550,1073796097
7-639237,1073499272
7-1492095,1073756506
7-117020,1074038518
7-621709,1073796097
6-444756,1074028312
7-114929,1073756506
7-636289,1073774868
6-446809,1073709057
7-1493053,1074020353
7-1492853,1074020353
7-1493717,1073807086
7-636460,1074075752
6-447100,1073741825
7-1508755,1073584232
7-1490732,1073278209
7-636091,1073527041
6-445347,1073528558
6-445854,1073984513
6-444080,1073455338
7-1488286,1073798145
5-235529,1073850218
7-1488894,1073777665
7-634705,1073807086
7-113453,1073774592
7-1491627,1073593857
7-1491734,1073754113
7-1511018,1073774592
7-1508061,1073872622
7-1511196,1073741825
7-1491714,1073872622
7-1508863,1073837724
7-634717,1074075752
7-1490165,1074266113
7-1490280,1073754113
7-634628,1073546998
7-1511318,1073517160
7-1511836,1073796097
7-1490964,1073796097
7-1508074,1073802838
7-1491368,1073840129
6-442406,1073807361
6-443575,1073528558
6-443765,1073529089
7-108659,1073556770
7-1266362,1073807086
7-110710,1073840128
5-232446,1073850218
7-635439,1073785860
7-110404,1073774868
7-1266006,1073766284
7-632502,1073546998
7-635366,1074020353
7-111619,1073835009
7-108210,1073774318
5-233055,1074042232
7-1267888,1073774592
7-1267159,1073773569
7-111475,1073546998
7-635147,1073527041
7-109363,1073741825
7-109288,1074049914
7-1267192,1073842534
7-109723,1073798145
7-1267079,1073774592
6-440494,1073775617
6-459933,1073774594
7-633599,1073782017
6-459962,1073995894
6-459656,1073524225
5-51009,1073850218
6-441606,1073802838
6-441492,1073455338
5-231499,1074219326
6-458960,1073784682
6-440813,1074028312
5-231737,1073815670
7-1265696,1073774592
7-630343,1074205280
7-1265362,1073781414
5-231147,1074094052
7-628724,1073455338
7-628767,1073840128
7-631641,1074094052
7-629181,1073998474
7-630982,1074073601
7-631358,1073793281
7-629653,1074018561
7-629135,1073517160
5-386158,1074081281
7-628880,1073771521
6-456829,1073455338
6-457063,1073742081
7-1263584,1073774593
5-24345,1073835009
7-606589,1073606042
7-1263198,1074081281
6-454584,1073741824
5-207499,1073807105
5-25955,1073773569
5-25896,1074266113
6-455811,1074266113
5-207212,1073793281
7-787727,1073840129
7-607291,1073798145
7-1279961,1073771521
7-607411,1074028312
7-1278108,1073775617
7-1261479,1073774868
7-787096,1073995894
7-604766,1073796097
6-454811,1073709057
6-455020,1073528558
7-606912,1073546998
6-455385,1073455338
7-787049,1073842534
6-452636,1073966081
7-1279374,1074008680
6-452214,1073774594
5-205578,1074014465
7-784402,1073774318
7-1276763,1074331649
6-452327,1073968897
6-453965,1073995894
7-1276406,1074397185
7-1276247,1073771521
6-452152,1073529089
6-453581,1073348609
7-1277640,1074266113
6-453049,1073455338
5-20710,1074135041
6-453128,1073709057
7-784973,1073807361
5-20382,1074135041
5-203604,1074266113
7-784845,1073527041
7-1277494,1073742100
6-448600,1073968897
7-1276918,1073754113
7-1277009,1073774592
7-1277254,1073741825
6-448522,1073987586
5-383508,1074266113
7-602120,1073756506
6-450108,1073837724
6-448126,1073741824
7-603649,1073455338
7-603412,1074038518
7-1274584,1073802838
5-398616,1073766284
7-783296,1074266113
7-1275841,1073741825
5-200309,1073992705
7-782923,1073741825
6-450832,1073455338
6-450878,1073524225
5-381808,1073773569
7-618752,1073796097
5-218165,1073766284
5-200148,1074266113
7-780708,1074075752
7-798670,1073754113
6-449080,1073524225
7-600448,1073905664
7-1275300,1073817450
6-449091,1073487756
5-381794,1073773569
7-1274910,1073766284
6-450894,1073995894
5-37930,1073766284
7-780020,1073774592
7-780004,1073528577
7-600155,1073775617
5-201236,1073807105
7-601767,1073774592
7-601890,1073837724
5-219091,1073817450
5-200915,1073807105
5-36860,1073815670
7-799777,1073807086
7-799276,1073741825
7-601247,1073774592
7-1272344,1073842534
6-427680,1073735004
7-601735,1074008680
5-37095,1073850218
7-781368,1073798145
7-1273634,1073785860
7-601290,1073500588
7-798836,1073756506
7-798818,1074397185
7-600825,1074135041
7-796679,1073756506
7-799188,1073774592
6-427598,1073528558
7-1273513,1074020353
7-616209,1073798145
7-616718,1073741825
6-424629,1073709057
7-616357,1073527041
6-424268,1073528558
7-617871,1073798145
7-1268769,1073546998
7-1270677,1073742100
7-617938,1073527041
7-796161,1073771521
5-216856,1073627136
7-796151,1073754638
7-797888,1074075752
6-424149,1073742081
7-1268498,1073850218
7-797431,1074073601
7-1270516,1074028312
7-1268237,1073774592
7-1271881,1073802838
7-1270281,1074397185
7-1269769,1073754113
5-32448,1073850218
5-32570,1073774594
7-617054,1073516545
7-617308,1073775617
6-425142,1073775617
7-1271357,1073798145
7-614605,1073817450
5-395672,1073774594
7-614480,1073631233
6-423822,1073995894
6-422362,1073995894
7-1246606,1073756506
5-215171,1073766284
7-1246747,1073756506
7-1269183,1074028312
5-212700,1074219326
5-33322,1073850218
7-795886,1073546998
7-615053,1073798145
7-794132,1073584129
7-1247779,1073807086
7-1247734,1073905664
6-438791,1073529089
7-615128,1073793281
7-792400,1073837724
7-612616,1074020628
7-615174,1073499272
7-795176,1074020353
6-438255,1073709057
7-1247048,1073774592
6-420404,1074028312
6-439886,1073995894
5-210232,1073606042
7-612146,1073756506
5-31137,1073815670
5-388423,1074135041
6-439534,1073742100
5-208260,1074014465
6-421554,1073748646
7-1245649,1073546998
7-1245786,1073741825
5-208322,1073807105
6-439269,1073742081
7-1245403,1073584232
6-421206,1073984513
6-439237,1073741825
5-388153,1074266113
7-790600,1073817450
6-439165,1073528558
6-438968,1073837724
7-1242665,1073798145
6-436697,1074305702
7-608246,1073516545
6-421102,1074028312
5-211460,1073850218
6-436221,1073968897
6-436355,1073987586
6-436295,1073741825
7-611874,1073774592
6-437728,1073709057
7-609986,1073775617
7-791497,1073594369
6-437475,1073748646
6-436974,1073966081
6-434173,1073741825
7-791037,1073527041
7-611139,1073842534
7-1242804,1073782017
6-435759,1073741825
7-1243105,1073774592
7-767307,1073775617
7-1240693,1073774592
6-435427,1073807361
6-435517,1073529089
7-1240187,1073798145
7-764673,1073793281
7-1258400,1073782017
6-435214,1074014465
6-432713,1073968897
7-1241482,1073798145
6-432551,1074014465
6-433048,1073529089
7-765897,1074135041
6-433164,1073529089
6-430766,1073529089
7-765693,1074073601
7-764484,1073837724
6-430690,1073529089
7-765047,1074135041
7-762212,1073455338
7-1257766,1074038518
7-763642,1073756506
6-430471,1073709057
6-428276,1073807361
6-430358,1073709057
6-429535,1073775617
6-429756,1073995894
6-431332,1073966081
5-16234,1073835009
7-763016,1074002177
6-431193,1073966081
7-1255022,1074073601
6-407844,1073742081
5-17504,1073835009
6-407788,1073985180
7-1254989,1073584232
7-779245,1073774592
6-406844,1073742100
7-760963,1073775617
7-779790,1073842534
7-778844,1073594369
7-776505,1073773569
6-407138,1074266113
7-1252970,1073766284
7-1253024,1073528306
6-404769,1073987586
5-14129,1074135041
7-1252939,1073773569
6-404742,1073528558
7-1248671,1073840129
7-777868,1073774318
7-1252885,1074028312
7-1248426,1073782017
6-405649,1073741824
6-405455,1073741824
6-405783,1073741824
7-1250379,1073774592
6-405606,1073802838
6-405686,1073217537
7-776965,1073802838
7-1249771,1074038518
7-1251651,1074002177
7-1251444,1073796097
7-1249843,1073742081
6-582577,1073984513
6-582797,1074028312
6-405047,1074014465
7-774472,1073793281
7-774429,1073842534
7-775884,1073793281
6-403403,1073528558
7-774108,1073837724
7-1251570,1073785860
5-372239,1074266113
7-775341,1073542154
7-775327,1073817450
6-580697,1073966081
6-418360,1073742100
7-774843,1073793281
7-1226018,1073584129
6-581861,1073741550
6-580597,1073781414
6-418184,1073984513
6-580138,1074014465
7-1227375,1073594369
7-1224508,1074135041
7-772038,1073782017
6-401441,1073528558
6-401471,1073968897
7-773542,1073584232
6-401523,1073968897
7-770670,1074020628
6-401495,1073775617
7-773296,1073796097
6-416435,1073528558
6-416406,1073348609
6-418858,1073487756
6-419337,1073995894
7-768698,1073546998
7-768257,1074174630
6-417260,1073807361
7-1222059,1073807361
6-414649,1073550712
7-771278,1074048290
7-771392,1073774592
7-769346,1073754113
7-746357,1073756506
6-414352,1073984513
7-769280,1073754638
7-769038,1073775617
7-1238690,1073516545
7-746149,1073771521
6-415939,1074028312
7-747486,1073527041
7-1220234,1074073601
7-747406,1073550712
7-746859,1074008680
7-747239,1074002177
7-744641,1073777665
7-747022,1073798145
7-1239501,1074038518
7-1221512,1073798145
6-414873,1073524225
7-1238851,1073528577
7-1239173,1073741825
6-412435,1073524225
6-413609,1073995894
6-415012,1074014465
6-413809,1073455338
5-866569,1073774594
6-413257,1073741824
6-413132,1073709057
6-412990,1073995894
5-344953,1073807105
6-408636,1073741824
7-1237561,1074020353
7-1237232,1073774593
7-1220902,1073842534
6-410754,1073837724
7-1236961,1073524225
7-742609,1074020353
6-410534,1073748646
6-409842,1073984513
7-742144,1073793281
5-865965,1074219326
6-411535,1073802838
6-409753,1073968897
6-409936,1073742100
7-743916,1073754638
6-409551,1073742100
7-743278,1074002177
7-1234495,1074052988
7-1235426,1073798145
7-740707,1074028312
6-410955,1073529089
6-410954,1073985180
6-566473,1073807361
6-566544,1073775617
6-567409,1073487756
6-566068,1074028312
5-340086,1074266113
5-359626,1074014465
7-1234858,1074397185
6-566258,1073517569
7-741972,1073546998
5-356143,1074014465
5-357432,1074261249
5-878160,1073627136
7-86790,1073774592
7-1233045,1074049914
7-86716,1073842534
7-1230752,1073796097
7-1232395,1074135041
6-564477,1074028312
7-1229865,1073556770
6-565629,1074014465
5-356917,1073793281
5-354656,1073992705
7-757509,1073798145
5-879402,1074008680
7-1228057,1073802838
7-1228179,1073742081
7-1231920,1073782017
5-354167,1074135041
7-1229771,1073840129
7-87450,1073817450
7-1231576,1073938433
7-756908,1073777665
7-1230950,1074052988
6-564983,1073709057
7-1228935,1073807086
7-1231109,1073771521
7-754330,1074012394
7-1231086,1073771521
7-84330,1073594369
5-876049,1074367642
7-84215,1073774592
7-755909,1073584232
7-1206405,1073774592
7-1386428,1073842534
6-563737,1073742100
7-1207892,1073546998
7-1206534,1073546998
7-85526,1074397185
7-1207810,1073798145
6-563422,1073968897
6-563427,1073741824
7-1207582,1073840128
7-752636,1073516545
7-84963,1074028312
7-752743,1074050049
6-562933,1074266113
7-84885,1073774592
7-1207181,1074018561
7-1207141,1073774592
7-753946,1073771521
7-752130,1073754638
6-578238,1073742081
7-83970,1073774868
7-752103,1073835009
7-1204571,1073966081
7-753678,1073366238
7-753572,1073998474
5-875590,1073627136
6-560131,1073529089
6-561777,1073529089
7-1385808,1074012394
7-83290,1073499272
5-348510,1073992705
7-753042,1073631233
7-753318,1074002177
7-752908,1073798145
5-875162,1073815670
5-348165,1074135041
7-748678,1073842534
7-1384823,1073741825
7-98513,1073766284
7-1385087,1073283073
7-80446,1073782017
7-749990,1073796097
6-576713,1073742081
7-1382683,1073528306
7-80315,1073771521
7-749926,1073850218
7-98078,1073938433
7-80061,1073516545
6-577675,1073742100
7-99844,1073774592
7-749902,1074397185
7-98071,1073766284
7-751447,1073546998
7-99528,1073782017
7-1382572,1073777665
7-1382145,1073835009
7-749193,1074052988
7-81798,1073243484
5-326501,1074081281
7-751127,1074012394
6-577453,1073529089
7-750901,1073527041
7-98971,1073798145
7-1383433,1073796097
7-1383559,1074075752
7-1383369,1073756506
5-327758,1074266113
7-1203030,1073842534
7-1383216,1073774592
7-1383323,1073556770
7-1383212,1073785860
7-1202990,1073546998
7-1200637,1074094052
7-1202810,1073872622
5-868195,1073807360
5-327244,1073992705
6-574723,1073741550
7-727803,1074135041
7-726122,1073817450
7-1380582,1073517160
7-1218572,1074020628
7-1398566,1073798145
7-97960,1073594369
7-1380267,1073775617
7-97786,1073766284
7-97936,1074002177
6-574483,1073741550
5-869262,1073774594
6-574053,1074266113
7-1398343,1073771521
6-574310,1073966081
6-575676,1073748646
7-1398345,1073773569
6-575709,1073995894
7-1380346,1073631233
7-1381801,1073528306
7-1398006,1074052988
6-575652,1073487756
7-97343,1073774868
7-726858,1074018561
7-1399706,1073807361
7-1399644,1073594369
6-575401,1073583105
7-1399596,1073516545
6-575000,1073524225
7-1219040,1073807636
7-1201024,1073807086
5-846009,1074219326
7-1380831,1073741825
7-1218895,1073528306
6-572573,1073524225
7-1201198,1074135041
7-1396761,1073777665
7-725843,1073798145
7-1396656,1073774592
7-1398948,1073741825
7-724194,1073817450
7-725839,1073756506
7-94028,1073546998
7-1396358,1073754638
7-1216048,1073594369
6-573745,1073556481
7-1217866,1073837724
7-1397828,1073807361
7-1397983,1074135041
7-1216013,1074020353
7-1216054,1073524225
7-95047,1073807361
7-95398,1074052988
7-1217531,1073785860
6-573094,1073968897
7-1217399,1073542154
6-572910,1073528558
6-570439,1073984513
7-1217310,1073754113
7-1216879,1074038518
7-1396866,1074205280
7-92554,1074075752
7-1214642,1073872622
7-92353,1073798145
7-722337,1074075752
7-1394680,1073802838
7-1214278,1073775617
7-92095,1073850218
5-323109,1074219326
6-571609,1073742081
6-571947,1073529089
7-1214065,1073594369
7-93794,1073938433
7-723234,1073516545
7-723493,1073527041
5-338794,1074014465
7-723060,1074054145
7-93187,1073774592
7-738775,1073536792
7-738754,1074048290
7-738475,1073796097
7-1395066,1073840129
6-569391,1073487756
7-88779,1073840128
7-738537,1073771521
7-720403,1073774592
6-569193,1073702236
7-1394851,1073793281
7-720252,1073774592
6-546541,1073709057
7-90240,1073584232
7-88228,1074075752
7-739953,1074038518
7-89877,1073807361
7-1215151,1073741825
7-721681,1073785860
5-321162,1073807360
7-721715,1073796097
7-721716,1073796097
7-90155,1073594369
6-547861,1073529089
7-91763,1073550712
6-547600,1073550712
7-1213807,1073774592
6-546514,1073455338
7-91401,1073782017
5-336264,1073807105
7-91516,1074008680
7-739187,1073798145
7-1213626,1074008680
6-547219,1073517569
7-1213427,1073593857
7-736769,1074002177
7-90890,1074075752
6-546958,1073414145
7-66797,1073774592
7-1213213,1073516545
7-1213329,1073840129
5-337582,1074266113
7-1388641,1073546998
7-736018,1073517160
7-1388717,1074094052
7-1393151,1073802838
5-840287,1074266113
7-1210431,1074205280
6-544242,1073709057
7-66049,1073527041
6-544003,1073556481
7-1210411,1073742081
7-67457,1073840128
5-334713,1073807105
7-1388344,1073774592
7-1388182,1073742081
7-1388129,1074020628
7-67571,1073775617
6-545675,1074028312
7-1391622,1074028312
7-736831,1073756506
7-1389609,1073741825
6-545483,1073774594
7-1389788,1074397185
7-1209721,1074397185
5-841322,1074035713
7-1391718,1073793281
7-1209433,1073754113
7-1211250,1073771521
7-1390989,1073817450
7-1391174,1074075752
7-64436,1073516545
7-734409,1073840129
6-542528,1073709057
7-1366628,1073774592
7-1210948,1074008680
7-1391083,1074075752
7-1366735,1073774318
7-64345,1073807361
7-64036,1074094052
7-1366691,1074002177
7-735773,1074020628
6-543816,1073966081
6-543619,1073709057
7-64010,1073756506
7-65713,1073774592
6-543498,1073529089
7-735226,1074020353
7-1367669,1073998474
7-735349,1073546998
7-735437,1073584232
6-543314,1073748646
7-1367400,1073774868
6-540222,1073802838
7-1367365,1073840129
7-1367300,1073938433
7-62459,1074160988
7-732367,1073777665
6-540388,1074028312
7-1364559,1073840129
7-1364525,1073771521
6-540124,1073748646
6-541430,1073550712
7-62005,1073998474
7-1365944,1073550712
6-559371,1073741824
6-541037,1073985180
7-732873,1074038518
6-558999,1073837724
6-541057,1073774594
6-541007,1073528558
7-78793,1073774592
7-63189,1074397185
7-1364847,1073782017
7-730688,1073593857
7-1364829,1074094052
6-541114,1073528558
6-540897,1073968897
7-730036,1073802838
6-556488,1073968897
7-78302,1074012394
7-78041,1073842534
7-60192,1073796097
5-852842,1073606042
5-331141,1073793281
7-1362369,1073837724
7-729632,1073793281
7-79692,1073774868
7-729207,1073742100
7-79302,1074081281
7-731117,1074397185
7-731050,1073835009
5-848626,1073774594
6-554777,1073802838
7-706653,1073782017
7-687848,1073782017
7-687823,1073550712
7-1363066,1073528577
7-1363034,1073546998
7-687997,1073796097
7-686099,1073807636
6-554322,1073487756
7-728949,1073777665
7-77717,1073774592
7-707257,1073756506
6-555931,1073802838
7-1361964,1073774592
7-1361626,1073528577
7-1361615,1073837724
7-77582,1073842534
7-707392,1073774592
6-555535,1073709057
7-686956,1073775617
5-304370,1074014465
7-1379431,1073524225
7-1361754,1074020353
7-704652,1073785860
7-684773,1073756506
7-77138,1073754638
7-77083,1073774592
7-77129,1073771521
7-1378867,1073754113
7-1379185,1073775617
7-1360988,1073793281
6-552628,1073487756
6-552659,1073487756
7-1360824,1073796097
7-1378814,1073774592
7-704366,1073756506
7-1376642,1073807086
6-552522,1073529089
7-685837,1074018561
7-74003,1073771521
7-704071,1073584129
7-75856,1073998474
6-553679,1074266113
7-685445,1073742100
7-75469,1073584232
7-685053,1073774592
7-705243,1073754638
7-704962,1073807636
6-553275,1073741550
7-1377954,1073741825
7-1376076,1073817450
7-705162,1073754638
5-826800,1073773569
7-1377703,1074075752
6-552975,1073556481
7-74950,1073817450
7-1377244,1073774592
7-1377042,1073798145
7-682416,1073631233
7-702244,1073593857
6-552945,1074028312
7-1377138,1073741825
6-550488,1073741824
6-551811,1073487756
7-702142,1073796097
6-551921,1073985180
6-551786,1073741825
7-72145,1073754638
7-703654,1073775617
7-73519,1073774592
7-1374375,1074266113
7-1375792,1073283073
6-549219,1073775617
7-703457,1073807361
7-73497,1073742100
6-549511,1073529089
7-73046,1073842534
7-73005,1073742081
6-549502,1073741824
7-1375719,1073594369
7-698628,1073773569
7-1375249,1074008680
7-70680,1074028312
7-680577,1073793281
6-548963,1073487756
7-1375173,1074081281
5-299788,1073807105
6-526625,1073775617
5-319404,1073850218
5-822331,1073773569
7-698049,1073741825
6-526765,1074014465
7-698084,1073594369
7-69873,1074020628
6-526236,1073455338
5-281217,1074135041
7-1372413,1073837724
7-719453,1073546998
7-70149,1074094052
7-719550,1073414145
5-301086,1074014465
7-719403,1074081281
7-71696,1073872622
7-699736,1073807636
7-71757,1073840128
7-681499,1074205280
7-699500,1073556770
7-71234,1073774318
7-1373602,1074038518
7-699165,1073774592
7-1373600,1073756506
7-718958,1073546998
7-68984,1073793281
7-716638,1073593857
6-527449,1073741550
7-71026,1073837724
7-696633,1073835009
7-71178,1073793281
7-696762,1073771521
7-696719,1073842534
7-716595,1074012394
7-697845,1073774868
7-717821,1073517160
7-1372801,1073754113
7-716142,1073802838
7-717809,1074020628
7-1368752,1073500588
7-697750,1073785860
6-524307,1073742100
7-697899,1074028312
7-717446,1074081281
7-1370590,1073775617
7-697428,1074073601
7-47610,1073802838
7-1368141,1073527041
7-717480,1074205280
7-1369943,1073756506
6-525738,1073968897
7-717041,1073796097
7-1371762,1073550712
7-47322,1073837724
7-717042,1073774592
6-525593,1073742100
6-525564,1074266113
6-525481,1073774594
7-716902,1073774592
7-696907,1073796097
7-714687,1074073601
7-47087,1073774592
7-714582,1073584232
7-44741,1073802838
6-522593,1074028312
5-836374,1074266113
7-1371197,1073840128
7-694286,1073742081
7-715845,1073754113
7-45713,1073807361
7-44100,1073536792
5-837463,1074014465
7-695740,1074266113
6-522331,1073529089
7-695593,1074012394
7-44496,1073782017
6-523658,1074014465
7-45455,1073817450
7-715177,1073536792
7-1347606,1073756506
7-715067,1073774592
7-695254,1074028312
7-1347421,1074397185
7-1347324,1073594369
7-45316,1074071809
7-44956,1074020353
6-523363,1073807361
7-1347078,1073796097
6-538592,1073524225
6-523347,1073735004
6-538239,1073775617
6-522907,1073529089
7-42440,1073773569
7-1347188,1073584232
6-520039,1073529089
7-1344672,1073754638
7-693684,1074020353
7-712135,1073754113
6-521909,1073987586
7-1344201,1074071809
7-43581,1073774592
7-1345876,1074054145
7-693550,1073777665
7-1345621,1073606042
7-692890,1074018561
7-690404,1073872622
7-1345356,1073754638
7-688211,1074397185
7-708540,1073702236
7-710559,1073631233
7-690302,1073798145
7-710553,1073741825
7-711981,1073796097
7-40302,1073774318
7-688120,1074038518
7-691942,1073840129
7-710190,1073536792
7-688111,1074020353
5-311350,1074042232
7-711674,1073584232
7-59848,1073774318
6-536326,1073741825
7-40188,1073741825
7-59465,1073774592
7-58105,1073742100
7-59676,1073741825
7-59471,1073756506
7-40178,1074020353
7-711040,1073754113
7-711340,1074018561
6-537154,1073966081
5-830642,1074266113
5-828629,1074266113
7-710941,1073840129
7-688882,1073842534
7-59113,1073756506
6-537134,1073487756
7-466235,1073785860
7-56729,1074205280
6-534683,1074014465
7-1358475,1074020353
7-56360,1073774592
7-467892,1073840129
7-56288,1073754638
7-1340277,1073796097
7-1340573,1073806834
7-467589,1074002177
7-1359834,1073631233
7-1340308,1073774868
7-467286,1073840128
7-1340103,1073840129
7-1340364,1073517160
5-828817,1074266113
7-1359630,1073756506
7-467014,1073782017
7-1341490,1073807086
7-1341619,1073774592
7-1341607,1073837724
7-464444,1073842534
7-1341317,1073840129
7-464525,1073850218
6-534957,1073583105
7-54456,1073524225
7-1341095,1073741825
6-532386,1074305702
6-532366,1073966081
7-464485,1073774592
7-54213,1073840129
7-55952,1073735004
7-55652,1074075752
6-533750,1073807361
6-533450,1073987586
6-532162,1074028312
7-1356670,1073995894
6-533317,1073968897
6-533704,1073742100
5-804243,1074135041
5-807449,1074189825
7-465904,1073756506
7-1356214,1073217537
6-528755,1073556481
7-465209,1074011137
7-55110,1073742081
7-462564,1073773569
7-52367,1074071809
7-52232,1073807086
7-462187,1073793281
6-528040,1073741825
7-463611,1073594369
7-53942,1073807361
5-805595,1073992705
6-531421,1074014465
7-53910,1073546998
7-53587,1074049914
7-1355895,1073516545
6-529322,1074266113
7-53305,1074397185
7-50638,1074020628
7-52899,1073807086
7-478737,1074205280
7-478545,1073796097
7-1355339,1073414145
7-463105,1073517160
6-529019,1073529089
7-1355074,1074135041
6-529085,1073742100
7-1354945,1073550712
7-48574,1073785860
6-486624,1073774594
7-50549,1073793281
6-486614,1073348609
7-50249,1073756506
5-802314,1074014465
7-479846,1073528577
6-486024,1073774594
7-1352539,1073796097
6-506184,1073807361
7-49901,1074038518
6-506327,1073517569
7-1352500,1073414145
6-507811,1073775617
7-1352256,1073754638
7-51794,1074266113
7-461565,1074018561
7-51623,1073817450
7-51510,1073807361
7-1352315,1074200577
6-487651,1073741824
7-51245,1073807361
7-49275,1073774868
7-49252,1073594369
7-51703,1073798145
7-461048,1073796097
7-49323,1073754638
7-49288,1074020628
7-50804,1074135041
6-487533,1073984513
7-48809,1073756506
5-818531,1074014465
7-461128,1073524225
6-484687,1073742081
7-476565,1073774868
7-1353002,1073798145
6-504583,1073742100
7-1353535,1073771521
7-476541,1073774318
7-476016,1073807361
7-477839,1073793281
6-504288,1073524225
7-26051,1073938433
6-504022,1074014465
7-477754,1074266113
7-1348242,1073796097
7-1348312,1073781414
5-801049,1074135041
6-505665,1073807361
7-1348333,1073546998
7-27441,1073594369
7-1349634,1073798145
5-819059,1074266113
7-27606,1074075752
7-27386,1074012394
6-484837,1073529089
7-27113,1073802838
6-504929,1073487756
7-1349245,1073516545
7-1349160,1074020353
7-1326761,1073546998
7-24436,1073782017
7-474394,1073842534
7-1326772,1073798145
7-1326549,1073771521
5-816098,1074266113
6-483950,1073995894
6-482017,1073774594
7-25537,1073584232
7-475439,1073774592
7-25903,1074048290
7-475304,1073742081
7-1327668,1073793281
6-503680,1073735004
6-503402,1073455338
7-1327638,1074028312
7-1327766,1074050049
6-503311,1073987586
7-1327635,1073785860
7-25065,1073802838
7-25379,1074397185
7-1327539,1073798145
7-22685,1074020353
7-1324632,1073807636
7-22341,1073807361
6-498748,1073774594
6-498438,1073550712
7-1324636,1073796097
6-498788,1073709057
6-500586,1073968897
6-518593,1073984513
7-472106,1073594369
6-500357,1074014465
7-1324590,1073842534
6-480035,1073985180
6-498012,1074266113
7-472138,1073775617
7-473649,1073774592
7-23955,1073807086
6-498167,1073487756
6-499934,1073775617
7-1325672,1073283073
7-23535,1073998474
6-500101,1073550712
7-473345,1074020353
6-501893,1073742081
6-519773,1074028312
6-499667,1073995894
7-23387,1073741825
6-499748,1073583105
6-519174,1073487756
7-1325215,1074094052
7-470776,1074073601
7-470424,1073536792
7-38618,1074048290
7-38380,1073773569
6-516577,1073774594
7-470554,1074038518
7-1322767,1073771521
7-469991,1073546998
7-39864,1073774592
6-517770,1073742081
7-469811,1073584129
6-517983,1073517569
7-471680,1073807636
7-1322431,1073842534
7-1322683,1073754638
7-21717,1073414145
6-517466,1073742100
7-1322046,1073842534
7-21707,1073584232
7-1323657,1073774592
7-39068,1074020628
7-38983,1073774592
5-813002,1073807105
6-494735,1073742100
6-514401,1073741824
7-1320677,1073840129
7-1323343,1074020628
6-514192,1074028312
6-515828,1073807361
6-514393,1073709057
7-1338512,1073676289
7-36192,1074020353
7-1338730,1073835009
6-515625,1073741825
6-515788,1073968897
7-1320220,1073754113
7-447459,1073835009
7-37435,1074397185
6-495066,1073774594
7-37340,1073528306
7-444668,1074018561
7-1321041,1073771521
6-495138,1074028312
7-37174,1073774592
7-1321477,1073802838
7-1320938,1074205280
7-444454,1074038518
6-492400,1074028312
7-34232,1073594369
6-513929,1073741824
6-513919,1073529089
6-513719,1074266113
7-444003,1073905664
7-1336402,1073938433
7-34033,1073517160
7-1336160,1073528577
7-1336059,1074397185
7-1337663,1073754638
6-493265,1073807361
7-1337263,1073556481
7-35073,1074073601
6-512863,1073529089
6-492840,1073984513
7-35372,1074397185
6-508645,1073741825
6-490679,1073807361
7-32752,1073594369
6-490626,1073487756
7-32770,1074028312
6-488234,1073985180
7-1336831,1073283073
6-488332,1073524225
7-442287,1074049914
6-488289,1073748646
6-488000,1073709057
6-490060,1073995894
6-511964,1073748646
6-491973,1073741824
6-490122,1073995894
7-1335968,1074266113
7-1335849,1073807086
7-1335823,1073283073
6-489516,1073774594
6-511267,1073741824
6-511062,1073995894
7-443307,1074049914
6-491368,1073748646
7-443003,1074075752
6-491067,1073742081
7-33371,1074048290
6-490849,1073550712
7-32967,1073774592
7-1334991,1073517160
6-509192,1073987586
7-1334970,1074012394
6-509015,1073487756
6-489083,1073529089
7-30532,1073774868
6-491162,1073741825
7-458334,1073835009
7-458008,1073775617
7-440013,1073774318
7-440176,1074397185
7-459949,1074081281
7-30285,1074038518
7-28052,1074020353
7-31957,1074205280
7-459919,1073835009
7-441500,1074020353
7-1332374,1073938433
7-441430,1073283073
7-1332026,1074018561
7-31203,1073774592
7-441121,1074018561
7-31585,1073842534
5-962932,1074266113
7-459084,1074038518
7-31199,1073796097
7-441100,1074002177
7-457862,1073782017
7-31123,1073774592
7-1330353,1073527041
7-1328792,1073777665
7-1331812,1073840129
7-454578,1073741825
7-1329603,1073796097
7-454122,1073774592
7-1329179,1074200577
7-1329180,1074397185
7-1307860,1073773569
7-1287866,1073840129
7-455498,1073798145
7-1306104,1073782017
7-1306034,1073499272
7-1307548,1073774868
7-452593,1073517160
7-1306991,1073798145
7-1304713,1073840128
7-453665,1073756506
7-1304384,1074073601
7-1305806,1073777665
7-1284624,1073835009
7-1307197,1073807636
7-1305566,1073782017
7-1305330,1074397185
7-450327,1073842534
7-448068,1074397185
7-1282608,1073774318
7-1302259,1073584232
7-450023,1074266113
7-1302230,1073798145
7-19472,1073584232
7-19615,1073556770
7-19564,1074071809
7-451065,1074135041
7-19304,1073741825
7-18802,1074075752
7-19133,1073774592
7-1318624,1073741825
7-427857,1073796097
7-1318733,1073966081
7-16235,1073584129
7-1298736,1073741825
7-17854,1073785860
7-1280317,1073594369
7-16072,1073777665
7-427462,1074094052
7-1300180,1073798145
7-17972,1073546998
7-1298032,1073546998
7-1281979,1073741825
7-427382,1073536792
7-427387,1073798145
7-427335,1074028312
7-427295,1073840129
7-1301406,1073774868
7-1281743,1073840128
7-1281578,1073754113
7-1299565,1073741825
7-1299246,1073283073
7-14257,1073807361
7-1316770,1073785860
7-1301380,1073842534
7-425814,1073817450
7-1316345,1074200577
7-424164,1074020353
7-1316378,1073775617
7-15699,1073807086
7-424169,1073798145
7-1316423,1073842534
7-1296153,1073742081
7-1297852,1073414145
5-947333,1074266113
7-1297746,1074028312
7-425178,1073546998
7-425098,1073807086
7-424881,1074094052
7-15027,1073283073
7-422716,1073546998
7-422098,1074038518
7-1297162,1074266113
7-422500,1073842534
7-12004,1073807636
7-423710,1073798145
7-1314296,1073499272
7-1295868,1074028312
7-13648,1073516545
7-1295822,1073872897
7-1295883,1073756506
7-1295174,1073807361
7-422952,1073754638
7-423171,1073938433
7-438717,1073771521
7-1294129,1073802838
7-420583,1073756506
7-1294957,1073524225
7-1315889,1073631233
7-1314902,1073938433
7-420355,1074038518
7-421836,1074038518
7-10338,1074266113
7-421643,1073840129
7-11701,1073534209
7-11685,1073517160
7-439481,1073774868
7-421393,1073594369
7-420862,1074052988
7-11586,1073793281
7-11253,1073527041
7-1313441,1074002177
7-421199,1073807361
7-1313564,1073546998
7-1293303,1074038518
7-1312849,1073550712
5-958595,1074219326
7-436746,1073756506
7-436244,1074020353
7-1290429,1073938433
7-439108,1074135041
7-437952,1074020353
7-1313055,1073775617
7-1288331,1074200577
7-437745,1073584232
7-1290638,1073455338
7-1289927,1074018561
7-1288036,1073756506
7-1310125,1074049914
7-1290095,1073840128
7-1311688,1073499272
7-1311680,1073546998
7-1289677,1073774868
7-437343,1074002177
7-436951,1073500588
7-1289422,1073455338
7-1291452,1073781414
5-959191,1073627136
7-1289588,1073837724
7-1309544,1073774592
7-1309490,1073556770
7-1289200,1074018561
7-1311527,1074075752
7-434586,1073777665
7-1291281,1073775617
7-1309321,1073840129
7-1288991,1073837724
7-1311280,1073782017
7-1288849,1073807636
7-435847,1074075752
7-1066743,1073840129
7-434108,1073517160
7-1067849,1073802838
7-1066590,1073842534
7-1067950,1073455338
7-435325,1073584232
7-435226,1074205280
7-1066576,1073556770
7-434981,1074011137
7-1067050,1073802838
7-1064666,1074094052
7-433688,1073842534
7-1065524,1073754638
7-428488,1074075752
7-432310,1073594369
7-428406,1073556770
7-1062028,1074397185
7-428165,1073550712
7-428024,1073842534
7-430865,1073584232
7-431021,1073500588
7-431443,1073528306
7-1063780,1073802838
7-431081,1074020353
7-431119,1073516545
7-431016,1073802838
7-586428,1073335041
7-1063237,1073774592
5-187498,1073992705
7-586318,1073802838
7-406792,1073754113
5-186867,1073992705
7-1078707,1073798145
7-407925,1073556770
7-1078462,1073594369
7-1078518,1073741825
7-1060353,1073524225
7-1061846,1074050049
7-1061640,1073754638
7-587551,1073594369
7-586902,1074048290
7-1079489,1073774592
7-1079549,1073777665
7-1061328,1073798145
7-404226,1074002177
7-584551,1073905664
7-1078972,1073802838
7-1060960,1073995894
5-182031,1073773569
5-182360,1073992705
7-405916,1074075752
7-585815,1074081281
7-402511,1073782017
7-402386,1073499272
7-583817,1073774592
7-405432,1073798145
7-583806,1073802838
7-403334,1073938433
7-1074497,1073840129
7-1074467,1073741825
7-598629,1073594369
7-580617,1074397185
5-925146,1074219326
7-598569,1074011137
7-400687,1074081281
7-598063,1073796097
5-199430,1073992705
7-599869,1073754113
7-1072764,1074050049
7-1074889,1074397185
7-418330,1073774592
7-400181,1074038518
7-581915,1073807361
7-419946,1073798145
5-181226,1073807105
5-180946,1074081281
7-581955,1074266113
7-599612,1073774868
7-1072374,1074205280
7-581625,1074073601
7-1073959,1073556770
7-419340,1074020353
5-923287,1074219326
7-596617,1074028312
7-598944,1073741825
7-581112,1074048290
5-196118,1073793281
7-596723,1073528306
7-596708,1073774592
7-597814,1073536792
7-597590,1073777665
7-417659,1073835009
7-1068688,1074011137
7-417547,1073500588
7-1068007,1073807086
7-1068303,1073756506
7-1069876,1074397185
7-1070385,1073536792
5-921570,1074008680
7-417205,1073550712
7-1071787,1073594369
7-594592,1073754638
7-414267,1073517160
7-417312,1073741825
7-417184,1074049914
7-1069170,1074094052
7-414342,1073754113
7-1071095,1073771521
7-1069208,1073756506
5-195551,1074014465
7-414192,1073754113
7-1046661,1073774592
7-1046714,1073741825
5-936064,1073774594
7-415882,1074002177
7-594111,1073742081
5-194909,1073992705
7-1046312,1073754113
7-1046221,1073774592
7-595250,1073766284
7-415502,1073798145
7-1046040,1074018561
7-595019,1073528577
7-1047569,1073631233
7-592716,1074081281
7-414914,1073775617
7-594936,1074052988
7-592404,1073793281
7-1044611,1073817450
7-593887,1073782017
7-593699,1073517160
7-1044200,1073499272
7-1044366,1074266113
5-935695,1073815670
7-1044360,1073785860
7-1044050,1073756506
7-593208,1073742081
7-1044138,1073840129
7-1044129,1073905664
7-593359,1073742081
7-1045466,1074050049
5-934874,1074219326
5-189583,1073835009
7-592904,1074012394
7-590789,1073499272
7-1045247,1073517160
7-1045181,1073938433
7-588772,1073741825
7-1044897,1073777665
7-590171,1073793281
7-589800,1073741825
7-591806,1073775617
7-591788,1073796097
7-409971,1073584129
7-409570,1073536792
5-166748,1074035713
7-591556,1074135041
7-409202,1073774592
7-1043951,1074018561
7-1042519,1073774592
7-590848,1073840129
7-411311,1073796097
5-933139,1073850218
7-589000,1074073601
7-1042840,1074020353
7-566343,1073840129
7-566318,1074020353
7-566180,1074038518
7-408983,1073774592
7-566005,1073817450
7-1043695,1074002177
7-1040715,1073516545
7-1058169,1073938433
7-1058374,1073802838
7-567332,1073517160
5-931293,1073807360
7-567049,1073773569
7-567771,1073594369
7-1059711,1073984513
7-1041706,1074048290
7-566928,1073593857
7-1058900,1073793281
5-886267,1073815670
7-1041029,1073593857
7-564582,1073741825
7-564175,1073735004
7-564101,1074071809
7-565798,1073840128
7-1056332,1073741825
7-1056081,1073584232
7-564994,1073774868
7-1057439,1073742081
7-562589,1073938433
5-904346,1073992705
7-562063,1073793281
7-562017,1074020628
5-163396,1074014465
7-1054726,1073774592
7-563651,1073754638
7-563900,1073802838
7-1055626,1073756506
7-1054197,1074071809
5-885005,1073815670
7-563201,1073594369
7-563033,1073414145
7-562886,1073217537
5-178106,1073992705
7-560727,1073966081
7-1055267,1073584129
7-1054999,1073594369
5-161580,1074266113
7-1054805,1073756506
7-560207,1073594369
7-561848,1073782017
6-386230,1073455338
7-561953,1073798145
6-386519,1073550712
7-561767,1073775617
7-560130,1073584129
7-560157,1073741825
6-386347,1073550712
6-387745,1073968897
6-387825,1073524225
7-560051,1073782017
7-579685,1073754638
7-1052553,1073774592
6-387567,1073968897
7-561269,1073546998
7-1053833,1073546998
7-1053935,1073793281
5-903184,1074035713
7-1052113,1073782017
7-561336,1073741825
6-384759,1073741825
7-1053347,1073842534
7-1048679,1073741825
7-1048790,1073842534
6-384498,1073984513
7-1048723,1073775617
5-880047,1073815670
7-576094,1073785860
6-384399,1073748646
6-385867,1073985180
6-384076,1073995894
5-881984,1074008680
7-1048684,1074020353
5-919587,1073553292
7-577449,1073835009
7-1050072,1073840128
7-1050545,1073528577
5-174479,1073992705
7-1050084,1074020353
5-899515,1074035713
7-1051641,1073335041
7-576985,1073536792
6-382778,1073807361
6-382660,1073968897
7-577195,1074011137
7-1049374,1074020353
7-1049037,1074020628
6-382384,1073968897
7-574045,1073594369
7-1051181,1073527041
6-382322,1073987586
7-574137,1074038518
7-575675,1073782017
6-383908,1073741550
7-575436,1073546998
7-1026577,1073842534
7-575521,1073536792
6-383788,1073968897
6-383273,1073487756
5-917567,1074266113
7-1026192,1074397185
5-894796,1073817450
7-574939,1074205280
7-574953,1074020628
6-398407,1074014465
5-914525,1073773569
6-398565,1073995894
6-380486,1073524225
7-1027770,1073754638
7-1024692,1073782017
7-1024582,1073546998
6-380294,1073455338
7-1024210,1073517160
7-573496,1073754638
5-168502,1074266113
5-170468,1074261249
7-1024198,1073742081
5-170274,1073992705
7-1025660,1073556770
7-570662,1073775617
5-895197,1073766284
6-399529,1073966081
7-1024126,1073741825
5-170307,1074014465
5-168051,1073992705
7-570774,1073516545
6-381266,1073741825
6-381213,1073987586
7-1025593,1073774592
7-1025391,1074135041
6-399079,1073455338
7-1025356,1074073601
7-568499,1073807086
6-381028,1073802838
7-1024943,1073807086
5-892414,1073807360
6-397616,1073529089
6-396537,1073968897
6-397792,1074014465
7-571956,1074052988
7-568007,1073798145
5-169209,1074135041
7-571778,1073807361
7-571919,1073802838
6-397539,1073528558
7-1022257,1073741825
7-569742,1074135041
7-571073,1073546998
7-571413,1073754638
7-571024,1074020353
7-571519,1074135041
5-908667,1073992705
7-546791,1073528306
5-908251,1074266113
5-888553,1074014465
7-1022829,1073584129
7-1020775,1074018561
7-1023306,1073774592
7-546174,1073546998
6-395981,1073741825
5-889942,1074266113
5-147336,1074081281
7-1020447,1073785860
7-547789,1074054145
7-547467,1073807086
7-1038338,1073455338
5-891196,1073627136
5-891332,1073774594
7-1039480,1073807086
7-544782,1073796097
6-393633,1073995894
7-544414,1073754113
7-544562,1073777665
7-1036631,1073938433
7-544168,1073807636
7-1021348,1073593857
7-1039303,1073536792
7-1039087,1074038518
7-1036145,1074397185
5-664222,1073553292
6-392851,1073742081
6-393126,1073742081
7-542713,1073524225
7-1036736,1073741825
5-665926,1074219326
7-1036977,1074397185
7-542225,1073774592
7-1037574,1073756506
7-543878,1073741825
6-388104,1073487756
7-1034510,1074052988
7-1034274,1074397185
7-543514,1073938433
7-1035755,1073527041
7-1034008,1073840129
7-542849,1073785860
7-542909,1073774592
6-389512,1074266113
7-558783,1074011137
6-391121,1073748646
7-540657,1073524225
7-558612,1073606042
6-391278,1073985180
7-540470,1074020353
6-366008,1073985180
5-662351,1074094052
6-367658,1073995894
7-1034911,1073782017
7-540251,1073766284
7-540398,1074018561
6-367250,1073709057
6-366901,1073529089
7-1033806,1073775617
6-367115,1073487756
7-1033656,1074073601
7-540889,1074054145
6-364620,1073775617
7-1033060,1073741825
6-364409,1073455338
5-154416,1074035713
6-364223,1073550712
6-365272,1073487756
7-557744,1074020353
7-1030541,1074020353
5-679516,1073815670
7-557515,1074054145
7-1030545,1073594369
6-362644,1073709057
6-365084,1073455338
7-1031875,1073782017
6-365019,1073807361
5-154288,1074266113
7-554672,1074331649
6-362611,1074028312
7-554382,1073556481
7-1028897,1073742081
6-362044,1073528558
7-1186211,1073998474
7-1006384,1073840129
6-363522,1073742100
5-152623,1074135041
7-1186376,1073807086
5-677050,1073627136
6-363286,1073528558
7-1186141,1073938433
5-152114,1073773569
6-378725,1073807361
7-1007579,1073774592
7-552135,1074018561
6-360227,1073995894
7-553766,1073938433
7-552367,1074266113
7-1004274,1073556481
7-1004336,1074020353
7-1184459,1073807086
6-361879,1073455338
7-1004319,1073366238
7-1184224,1073817450
7-1185872,1073774592
6-361835,1073995894
7-1005839,1073767772
6-361895,1073550712
5-675526,1074008680
7-552806,1073842534
6-361536,1073984513
7-1185549,1073766284
7-1005202,1073550712
7-1185376,1073774868
7-550699,1073756506
5-672779,1073627136
7-548692,1073774318
6-378976,1073550712
6-377889,1073455338
6-376698,1073455338
7-548498,1073840129
7-1005105,1073938433
7-1005131,1073777665
7-1184962,1073742081
7-1182654,1073741825
5-669863,1073850218
6-377280,1073802838
6-377563,1073524225
6-377159,1073995894
7-1003574,1073283073
7-1002510,1073798145
7-1182711,1073806834
7-526161,1074020628
7-1182904,1074048290
7-549562,1074011137
7-1182515,1073748646
7-548836,1073594369
7-1003019,1073631233
7-1003407,1073774592
7-1183066,1073782017
7-548812,1073774592
7-1003193,1073631233
7-1183343,1074020353
7-526552,1073905664
7-549173,1073802838
7-1182956,1073798145
7-551945,1073807086
7-1182980,1073938433
7-527851,1073938433
5-669998,1073850218
6-375611,1073217537
6-375481,1073995894
7-1018542,1074174630
6-375373,1073528558
7-1180486,1073840128
7-1000054,1073796097
7-1019701,1074081281
7-527029,1073517160
7-527204,1073835009
7-1018086,1074174630
7-1198875,1073793281
7-1001070,1073754113
7-1199509,1074397185
7-1019634,1074397185
7-1001591,1073793281
7-1181083,1074205280
7-524671,1073527041
7-1000856,1073756506
7-1196742,1073754113
7-1000958,1073995894
7-525811,1073817450
7-1019776,1073872622
7-524015,1074020628
6-372620,1073985180
6-372222,1073529089
7-1016730,1073524225
6-372107,1073550712
7-525649,1073796097
6-372834,1073455338
7-1016387,1073756506
6-373494,1074028312
7-1197986,1073536792
6-372909,1073807361
7-524826,1073774318
7-525128,1073756506
7-522745,1073741825
7-522250,1073584129
7-522761,1073840129
7-1197503,1073837724
7-1016847,1073742081
6-370483,1073985180
7-522343,1073807361
5-645808,1073815670
7-1197885,1074008680
7-1016978,1073527041
7-522101,1074200577
7-1014602,1074266113
7-1194655,1074020353
7-523460,1074018561
7-1014391,1073802838
6-368250,1073735004
6-368077,1073742100
6-370062,1073741550
7-1194333,1074135041
6-371700,1073709057
6-369695,1073741824
6-369736,1073524225
6-369457,1073528558
6-369248,1073985180
7-523507,1074018561
7-523282,1073517160
6-371290,1073741824
6-369328,1073741824
7-523089,1074174630
7-1195445,1073938433
7-1195734,1074011137
7-520429,1073742081
7-1014909,1074071809
7-1014935,1073807361
7-538298,1074020628
7-1014811,1073524225
6-346249,1073528558
7-539933,1073594369
6-346233,1073995894
7-1192790,1073774592
7-521441,1073793281
7-539423,1073798145
6-347002,1073524225
7-521260,1073782017
6-347289,1073995894
7-1013923,1073872622
5-137762,1073815670
7-1013501,1073966081
7-539345,1073741825
7-1193165,1073741825
7-1012856,1073802838
6-344074,1073742081
6-344394,1073968897
7-537948,1074008680
7-537900,1074012394
7-1008760,1073556770
7-537498,1073499272
7-1008078,1074397185
7-1189841,1073593857
6-344128,1073741825
7-1010446,1073842534
5-641501,1074042232
6-345882,1073775617
6-344093,1073455338
7-1188132,1073774592
7-1009600,1073278209
7-1011645,1074050049
6-345698,1073529089
5-134240,1074219326
7-1011401,1073278209
7-1009428,1074011137
6-344872,1073709057
7-1189240,1073796097
7-1011460,1073741825
6-343674,1073775617
7-1010878,1073546998
6-342118,1073528558
7-1190849,1074048290
7-534162,1074048290
5-134971,1074042232
7-1008907,1074038518
7-535625,1073584129
7-535348,1074018561
7-1166163,1074020353
7-1167486,1073998474
7-532621,1073777665
7-535126,1073528306
5-656889,1074042232
6-343536,1073217537
7-1167269,1073782017
7-1167288,1073593857
6-340606,1073550712
7-1166862,1073754113
6-343165,1073807361
6-340218,1073528558
6-340398,1073709057
6-358720,1074028312
7-1166870,1074020353
7-532217,1073594369
7-1164262,1074011137
7-1164177,1073771521
5-130175,1073766284
5-131651,1074219326
7-1165478,1073798145
7-530451,1073517160
6-340960,1073455338
7-1164842,1073756506
7-1164977,1074002177
7-1164956,1074075752
5-131687,1073553292
7-530397,1073754638
6-357514,1073837724
7-531961,1074135041
6-356597,1073741825
7-1164880,1073594369
6-357283,1073775617
7-531984,1073283073
7-1162405,1074020353
5-650524,1074042232
7-506429,1073842534
7-1163289,1073516545
6-357087,1073802838
6-354673,1073995894
7-506280,1073754638
7-486292,1073938433
6-354785,1073995894
7-487820,1074028312
7-506037,1073796097
5-107125,1074219326
7-487815,1073837724
7-487613,1074011137
5-106919,1073850218
6-355608,1073775617
7-487602,1073742081
7-1160251,1073842534
7-1179960,1073817450
7-1179989,1073550712
7-506872,1073742081
7-1179818,1073631233
5-649186,1073815670
6-355598,1073984513
7-1179596,1073837724
7-1179435,1074049914
7-1161510,1073798145
7-487386,1074094052
7-1179648,1073756506
7-1179323,1073785860
6-352032,1073968897
7-484555,1073796097
7-1160967,1074094052
7-504395,1073796097
7-485884,1073771521
7-484114,1073631233
6-353724,1073802838
7-1176421,1073835009
7-1177955,1073527041
7-484103,1073631233
6-348724,1073984513
7-485365,1074292060
7-1176111,1074020628
7-1177634,1073775617
5-624546,1074219326
7-482501,1073534209
7-482680,1073527041
7-485177,1074020865
7-1177494,1073802838
6-350497,1073742100
6-350521,1073550712
6-350412,1074028312
7-1174419,1073584232
7-1176874,1073754638
7-503460,1074049914
6-348226,1073985180
7-503463,1073455338
7-1174207,1073754638
6-348206,1073995894
6-348366,1073741825
6-350019,1073985180
6-348321,1073550712
5-625698,1073627136
7-1175876,1074075752
6-351658,1073741825
6-349606,1073709057
6-349419,1073987586
6-349473,1073550712
6-351571,1073995894
7-1175835,1073517160
7-502943,1073774592
6-349254,1073487756
5-118519,1073774594
6-348971,1074014465
7-498617,1073775617
6-351132,1073802838
5-622518,1074094052
7-498260,1073850218
7-518216,1073527041
7-1175285,1073966081
6-351099,1073987586
6-349132,1073550712
7-481873,1073807361
6-326287,1073528558
7-498181,1073774592
7-501782,1074094052
7-519497,1073774592
7-519474,1073584232
7-519487,1073796097
7-499237,1073807361
7-519360,1073754113
7-480815,1073782017
6-327579,1073968897
7-499284,1073782017
7-481066,1073524225
7-498827,1073998474
6-327456,1074014465
7-481366,1073842534
6-327442,1073995894
7-1173729,1074049914
7-1173439,1074020353
7-501117,1073782017
7-496618,1074012394
7-496699,1074050049
7-496671,1073807086
7-1173383,1074020353
6-327534,1073995894
6-327277,1073987586
6-326936,1073781414
6-324644,1073807361
6-324630,1073775617
7-496234,1073771521
7-496301,1073771521
7-496356,1073754638
7-497809,1073842534
7-496141,1073546998
5-117271,1074219326
7-497949,1073796097
5-621923,1073627136
6-324182,1073583105
6-325965,1073742081
6-324252,1074028312
5-639250,1073850218
7-1168545,1074094052
7-1170489,1073766284
7-1168353,1073741825
7-497631,1073984513
7-1170391,1073775617
5-117153,1073774594
7-497433,1073798145
5-639019,1074008680
7-517381,1073774592
7-516849,1073754638
5-621291,1074008680
6-325524,1073775617
7-496881,1074050049
7-494609,1073798145
5-114028,1073850218
6-325306,1073709057
6-324978,1073984513
6-325294,1073524225
6-322689,1073529089
6-322541,1073985180
6-322194,1074014465
6-322097,1073807361
6-323988,1073741825
7-514268,1074048290
7-1146734,1073775617
5-112742,1074094052
7-494094,1073793281
7-1146370,1073837724
7-1146609,1073771521
6-323698,1073455338
7-1171383,1073742081
6-323597,1073985180
7-1146227,1073771521
6-323491,1073741825
7-494958,1073802838
7-512656,1073773569
7-1147686,1073840128
6-322990,1073741550
7-492723,1073594369
5-113826,1074094052
6-320306,1073455338
6-338624,1073550712
7-512298,1073527041
7-492564,1074054145
7-1147284,1074008680
6-320294,1073741550
6-320001,1073529089
7-1144774,1073850218
6-339857,1073774593
7-1144767,1073527041
7-1144445,1073817450
6-338094,1073995894
6-321444,1073528558
5-108408,1073817450
6-339520,1073995894
7-513151,1074266113
7-492896,1073798145
7-508610,1073775617
5-110346,1073815670
7-1145279,1074038518
6-338847,1073807361
6-338928,1074028312
6-336658,1074028312
7-1145046,1073785860
7-510254,1073546998
6-336618,1073802838
7-508231,1073777665
7-490509,1074038518
5-632369,1074042232
7-1145142,1073742100
7-1142771,1073771521
7-490321,1073782017
7-491762,1073771521
7-1142343,1073938433
6-337603,1073741550
5-633734,1073807360
7-1143810,1073771521
7-491333,1074038518
6-337457,1073524225
7-508979,1074073601
6-337057,1073995894
7-511105,1074020353
6-334775,1073455338
7-1143598,1073998474
6-334261,1074266113
6-334624,1073524225
7-1143765,1073998474
5-628044,1074219326
6-335853,1073968897
7-490917,1073938433
7-266446,1073798145
6-335926,1073528558
7-1143094,1073414145
7-1158794,1073766284
6-334128,1073985180
7-266110,1073995894
7-1158687,1073798145
6-335602,1073985180
5-629238,1073627136
6-334103,1073528558
7-266809,1074018561
6-335531,1073529089
6-335225,1073966081
7-267091,1073756506
6-332508,1073455338
5-786358,1074266113
6-332428,1073455338
7-264641,1073774592
6-333961,1073802838
6-333274,1073995894
7-1159551,1073756506
6-333658,1073985180
6-333277,1073709057
7-1158939,1073798145
7-264025,1073807361
7-1141211,1073817450
7-1156165,1073774318
7-265496,1074002177
7-1157886,1074075752
6-333286,1073528558
7-265044,1073796097
5-604470,1073807105
7-262428,1073593857
6-332807,1073987586
7-1157163,1073775617
6-330719,1073487756
7-1156880,1073998474
6-331604,1073985180
5-784941,1074135041
7-1157096,1073546998
6-329054,1073741550
6-330808,1073741550
7-1155851,1074020628
7-263653,1073631233
7-262112,1073593857
6-329207,1073550712
7-263266,1073840128
6-306699,1073807361
6-307870,1073775617
7-1155056,1073631233
7-1155202,1073584232
7-1155597,1074331649
7-279941,1073594369
7-278168,1073631233
6-306163,1073995894
7-279393,1074038518
7-1152278,1074073601
7-279294,1073771521
7-279297,1073840129
7-260830,1073556770
7-278980,1073455338
6-307351,1073741550
6-307149,1073968897
6-306984,1074028312
7-279191,1073594369
5-782809,1073773569
7-261164,1073546998
7-279124,1073782017
7-276258,1073774318
5-780594,1074397185
6-304159,1073984513
7-276081,1074048290
6-305652,1073968897
7-1150447,1073775617
5-798113,1074135041
5-601747,1074266113
7-1148248,1074020353
7-1148269,1074002177
7-1151857,1073784682
7-1151887,1074050049
5-617946,1074367642
5-797644,1073992705
7-274204,1073782017
7-275954,1073840129
5-617553,1073815670
7-275024,1073798145
5-617355,1074266113
6-300613,1073487756
5-794667,1074266113
6-300796,1073741824
7-1127371,1073781414
6-318453,1073995894
7-272518,1073773569
5-794695,1074397185
6-298400,1073741825
6-318717,1073807361
7-1127355,1073798145
6-318070,1073807361
6-300339,1073984513
7-272376,1073527041
7-273744,1073584129
6-298033,1073774594
7-1127148,1073528306
6-301744,1073741825
6-319894,1073217537
6-319952,1073529089
7-1124184,1073798145
7-273372,1073798145
6-299480,1073524225
6-319767,1073550712
6-316718,1073995894
6-298815,1073741824
7-268468,1074002177
6-300966,1073524225
7-1125025,1073782017
5-793671,1073992705
5-792285,1074266113
7-1122662,1073807086
7-268098,1073774592
7-271730,1073775617
6-316500,1073784682
7-271939,1073742100
6-297832,1073741824
7-271811,1073798145
7-271695,1073817450
7-1122359,1073817450
5-793415,1074189825
5-790504,1074397185
6-316182,1073550712
7-271298,1073798145
7-269037,1073774868
6-297199,1073774594
7-269040,1073995894
7-246452,1073546998
5-788382,1074081281
7-1123093,1074331649
6-314630,1074028312
7-1120773,1073754113
6-314318,1073741825
6-314310,1073748646
6-314468,1073487756
6-314334,1073709057
5-789988,1074397185
7-246197,1073542154
6-315827,1073741824
7-247442,1074011137
6-315745,1073995894
5-791345,1074266113
7-1120081,1073774592
7-1120312,1073775617
7-1121475,1074094052
6-315685,1073702236
6-312545,1073995894
5-766450,1074094052
7-245784,1074020353
7-1121558,1073756506
6-313699,1073987586
6-313663,1073528558
7-1121104,1073546998
6-313478,1073741550
7-1136218,1074012394
7-245404,1073782017
7-1136595,1073782017
7-245395,1073782017
7-1137584,1073774592
7-1137428,1073741825
7-1137070,1073840129
6-310628,1073702236
7-244834,1073756506
7-242528,1074038518
5-765678,1073850218
6-308799,1073741550
6-310524,1073987586
7-242325,1073782017
6-311644,1073748646
7-243951,1073837724
6-309629,1073741550
7-243839,1073527041
6-311719,1074266113
6-309299,1073807361
6-309416,1073985180
6-309218,1073807361
6-311349,1073524225
6-308839,1073984513
7-1135457,1074002177
6-310916,1073524225
7-1135455,1074048290
7-1134856,1073756506
7-1135093,1073798145
7-240057,1073796097
7-241990,1073527041
7-240033,1073546998
7-259751,1073754638
5-763221,1073766284
7-259599,1073842534
7-241320,1074052988
7-1133429,1073546998
7-241092,1073756506
7-1133532,1073840129
7-256680,1073840129
7-241200,1073774592
5-760182,1073627136
5-9556,1073807105
7-1133328,1073536792
7-1130627,1073500588
7-256543,1073754113
7-1133207,1073754638
5-779912,1074266113
7-1128508,1074266113
7-1129877,1073782017
7-1129896,1073842534
5-6310,1073992705
5-776654,1073807360
7-1129897,1073771521
7-1131421,1073798145
7-1129543,1073774592
7-1129167,1073767772
7-254546,1073546998
7-1129176,1074397185
7-1106674,1074011137
7-1106607,1074050049
7-1086560,1073842534
7-1106772,1073840128
7-1106349,1073516545
7-1086491,1074266113
7-1107793,1073546998
7-1107825,1074038518
7-1087788,1073754113
7-255097,1073756506
7-252741,1074054145
7-1087055,1073840129
7-1084692,1074002177
7-1106967,1073741825
7-1104208,1073593857
7-1104483,1073742100
7-253565,1073796097
5-2223,1074135041
5-2045,1073992705
7-253411,1073798145
5-2202,1074135041
7-1105961,1073771521
7-1084125,1074266113
5-775369,1073553292
5-773877,1073850218
7-248794,1074075752
7-248628,1073938433
7-249945,1073594369
7-250215,1073938433
7-1105399,1073517160
7-249451,1073771521
7-249271,1073798145
7-249413,1074397185
5-771925,1074042232
7-249201,1073817450
7-251234,1074020353
7-226753,1073807086
7-1083236,1074071809
7-1083435,1073754113
7-227882,1073754113
7-227645,1073775617
7-1082103,1074094052
7-227765,1073742081
7-1100415,1073782017
5-769651,1073553292
7-1118491,1073798145
7-1119844,1073741825
7-227499,1073217537
7-1119765,1073842534
7-226840,1073524225
7-226829,1074397185
7-1118844,1073835009
7-1100150,1073840129
7-1101055,1073840129
7-1101208,1073840128
7-1119193,1073542154
7-1118896,1073756506
7-225713,1073335041
7-225068,1074407937
7-1096298,1074002177
7-225219,1073796097
7-1097767,1073840128
7-224874,1073754113
7-1116956,1074038518
7-222309,1073938433
7-222014,1074094052
7-1097101,1073546998
7-222516,1073793281
5-744814,1073766284
7-223995,1073754113
7-223897,1073774318
7-223228,1073840128
7-223681,1073527041
7-222909,1073754638
7-220489,1073796097
7-1114966,1073775617
7-220034,1073754113
7-221993,1073517160
7-220215,1073584232
7-1112476,1073782017
7-238080,1073782017
7-221908,1073594369
7-1092586,1073584129
7-1112420,1074002177
5-758761,1073774594
7-239738,1073798145
7-221367,1073774592
7-1093708,1073840129
7-239142,1073840129
7-236787,1073798145
7-1092280,1073840128
7-236470,1073793281
7-1092261,1073842534
7-1113202,1074050049
5-758741,1074219326
7-236267,1073754113
7-236400,1073984513
7-236065,1073798145
7-1093192,1073782017
7-237853,1073984513
7-237620,1074018561
7-1108066,1073782017
7-1091632,1073499272
7-1089462,1074038518
7-1091516,1074008680
7-1109234,1073766284
7-1090183,1073840128
7-1109332,1074011137
7-1089059,1073782017
7-234278,1074020353
7-235394,1074200577
7-234366,1073798145
7-1089166,1073782017
7-235062,1074020353
7-232667,1073796097
7-232495,1073217537
7-235722,1073840129
5-755703,1074042232
7-1088889,1073793281
7-233870,1073798145
7-233534,1074020353
7-233557,1073802838
7-230789,1073527041
7-228422,1073798145
7-230525,1074002177
7-228792,1073796097
5-753326,1074042232
5-753422,1073553292
7-230298,1073556481
7-230071,1073782017
7-231829,1073796097
7-229603,1073283073
7-229459,1073938433
7-231731,1074075752
7-230823,1073754638
5-750698,1073774594
7-229409,1074028312
7-228917,1074050049
7-386109,1073676289
5-750988,1073807360
7-386675,1074071809
7-386198,1074397185
7-387868,1073807086
7-206263,1073938433
7-387351,1074048290
7-207337,1074200577
7-384422,1074020628
7-204398,1073785860
5-726138,1074042232
7-385967,1073556770
7-384339,1073782017
7-205643,1073556770
7-385464,1074038518
7-385577,1074073601
7-202660,1073754113
7-385360,1073998474
7-204853,1074038518
7-382044,1073807361
5-725284,1074042232
7-382227,1073754638
7-218408,1074054145
7-203934,1073774592
7-382938,1073774868
7-398699,1073742081
7-219823,1074071809
7-218507,1074075752
7-203704,1073528306
7-380215,1073756506
7-218187,1074020865
7-381992,1074020628
7-219957,1073773569
5-723710,1073766284
7-219796,1074020353
7-381793,1073840128
7-399380,1073798145
7-219036,1074135041
7-396644,1074397185
7-398871,1074002177
7-216313,1073773569
7-397848,1073542154
7-217208,1073517160
7-397582,1073796097
7-394629,1073842534
5-721141,1073850218
7-214788,1073938433
7-397839,1073527041
7-215967,1073807086
7-214983,1074050049
7-215251,1073217537
7-394744,1074020353
7-214924,1073840129
7-215930,1073840129
5-734739,1074219326
7-214909,1073771521
7-212793,1073774592
7-215097,1074050049
7-392337,1073774592
7-393826,1074002177
7-392007,1073524225
7-212059,1073754638
7-213456,1073550712
7-393548,1073938433
7-393101,1073840129
7-392985,1073524225
7-388766,1073756506
7-390439,1073774592
7-390250,1073837724
7-208291,1073593857
7-388224,1073785860
7-390087,1074020628
7-209699,1073767772
7-391784,1073546998
7-389734,1073837724
7-389486,1073556770
7-389364,1073774592
5-729107,1073606042
7-390883,1073774592
7-366859,1073631233
7-389177,1073756506
5-731208,1073807360
7-364461,1073594369
7-365343,1073793281
7-364490,1073517160
7-364839,1073754638
5-704451,1073774594
7-362432,1073802838
7-362572,1074054145
7-362193,1073796097
7-360615,1074266113
7-362535,1073283073
7-361811,1073594369
5-682028,1073846950
7-361771,1074266113
7-378650,1073536792
7-379991,1074081281
7-378466,1073594369
7-379757,1074028312
7-361339,1074050049
7-379393,1073754638
7-361301,1073835009
7-379721,1073802838
7-361187,1074266113
5-718313,1073817450
7-376119,1074020353
7-376740,1073807086
7-378896,1073807086
5-699977,1073766284
7-377653,1073775617
7-376982,1074020353
7-377197,1073785860
5-697239,1073627136
7-374639,1073807361
7-377094,1073517160
7-376945,1073798145
5-715296,1073850218
5-697183,1073850218
7-374319,1073741825
7-374911,1073335041
7-373826,1073837724
5-695439,1073807360
7-373804,1073807086
7-374967,1074020353
7-371857,1073754638
7-373377,1073594369
7-368412,1073774592
7-368069,1073594369
7-371703,1073546998
7-369548,1073528306
7-369031,1073842534
7-371469,1073741825
7-370993,1073793281
5-711665,1073807360
5-689015,1073774594
5-711333,1073774594
7-347885,1073777665
5-693002,1073606042
7-347269,1074008680
7-346226,1074050049
7-346953,1073837724
7-347078,1074266113
5-465471,1073850218
7-347105,1073742081
7-345463,1074020628
7-345874,1073785860
7-345483,1074012394
7-343810,1074050049
7-342964,1074200577
7-343097,1073798145
7-343083,1074071809
7-343108,1073735004
7-358780,1073793281
7-865457,1074002177
7-340509,1073807636
7-865407,1073414145
7-341877,1073556770
7-359870,1073872897
5-462464,1074266113
7-340180,1074397185
7-862586,1074397185
7-340112,1074205280
7-341521,1073741825
7-863829,1073278209
7-862387,1073546998
7-358814,1073414145
7-863727,1074135041
5-460262,1074035713
7-356036,1073842534
5-478739,1073773569
7-878798,1073837724
7-357898,1074018561
7-878608,1073793281
5-478806,1074266113
7-878378,1074038518
7-860367,1073817450
7-861864,1073584129
7-356111,1074266113
7-860299,1073796097
7-357307,1073774592
7-879604,1074028312
7-354746,1073785860
7-879234,1073741825
7-879353,1073781414
7-861360,1073756506
7-876525,1073798145
7-876506,1073756506
7-876479,1073528577
7-355161,1073414145
7-355086,1073807361
7-355337,1073793281
7-355147,1073774592
7-353798,1073807636
7-352588,1073774592
7-353833,1073527041
7-874106,1074028312
7-875781,1073774592
7-349945,1074038518
7-874397,1073283073
7-350014,1073676289
7-348152,1073840129
7-349580,1073785860
5-473272,1074014465
7-875507,1073756506
7-351508,1074266113
7-351413,1073414145
7-350956,1074050049
7-351025,1073777665
5-473143,1074266113
7-326051,1074028312
7-326325,1073756506
7-870327,1073766284
7-873028,1073837724
7-871998,1074020353
7-871991,1073802838
7-869624,1073550712
7-868298,1073840129
7-869939,1073774592
5-471100,1074014465
7-869762,1073793281
7-869788,1073807636
5-471043,1074014465
7-869289,1073527041
7-324326,1073546998
7-324023,1073798145
7-868848,1074028312
7-846704,1073796097
7-324133,1073774592
7-325503,1073807086
7-847997,1073283073
7-322617,1073524225
7-847711,1073594369
7-847259,1073528577
7-322723,1073771521
7-323802,1073807086
7-877472,1073782017
7-844680,1073807086
7-844442,1073938433
7-845979,1073773569
7-844549,1073840129
7-338609,1074020353
7-321833,1073742081
5-445518,1073815670
7-338168,1073774592
7-339483,1073741825
7-842517,1073756506
7-321257,1073785860
7-843566,1073998474
7-339350,1073455338
7-339347,1074094052
7-843554,1073842534
7-336747,1073774592
7-337860,1073774592
7-842943,1074020353
7-337456,1073536792
7-858275,1073594369
7-841725,1073835009
7-337095,1073756506
7-840243,1074038518
7-841693,1073756506
7-334527,1073802838
7-858872,1073802838
7-856413,1073584232
7-334142,1074050049
7-857865,1073785860
7-335370,1073817450
7-335271,1073807636
7-334849,1073807636
5-454697,1073774594
7-857949,1073807086
7-857538,1073793281
7-857714,1073593857
7-332280,1074075752
7-857298,1074002177
7-856884,1073840129
7-333638,1073793281
7-854562,1073550712
7-333419,1073741825
7-855870,1073807361
7-855734,1073807086
7-332987,1073796097
7-855015,1073872897
7-331875,1073798145
7-330618,1073774592
7-852474,1073774592
7-852531,1073798145
7-852599,1073774592
7-852373,1073837724
7-331494,1073774592
7-329227,1073837724
7-329531,1073741825
7-852090,1073774318
7-853424,1073817450
7-306615,1073793281
7-853625,1074205280
7-329348,1073796097
7-853411,1073774592
7-853513,1074018561
7-853159,1073550712
7-853132,1073756506
7-331337,1073817450
7-287615,1073517160
7-850592,1073527041
7-848647,1073842534
7-287240,1074020353
7-853139,1073796097
7-850019,1073516545
7-287689,1073782017
7-848195,1073938433
7-849887,1073594369
5-451051,1073815670
7-307311,1073793281
7-851916,1073500588
7-304584,1073517160
7-304598,1073798145
7-304246,1073556481
7-285825,1073528306
7-285604,1073798145
7-849105,1074135041
7-305411,1074020353
7-302737,1073984513
7-302768,1073798145
7-826165,1074331649
7-826828,1073756506
7-282216,1074011137
7-827035,1073534209
7-827189,1073782017
7-282026,1073771521
7-302112,1073777665
7-824736,1073742081
7-283917,1073837724
7-303033,1074048290
7-282918,1073938433
7-824120,1073756506
7-824573,1073756506
7-824333,1073984513
7-300757,1073584129
7-825472,1073527041
7-280474,1074331649
7-824850,1073741825
7-298100,1073835009
7-281513,1073584129
7-822536,1073524225
7-822512,1073872622
7-823693,1074135041
7-822816,1073775617
7-301359,1073527041
7-316687,1074073601
7-281299,1074266113
7-296455,1073835009
7-299336,1073798145
7-820742,1074012394
7-838745,1073807361
7-838550,1073775617
7-838401,1073835009
7-838380,1073840129
7-821958,1073785860
7-297128,1074038518
7-296841,1073796097
7-821790,1073516545
7-297109,1074038518
7-314714,1074071809
7-314492,1073775617
5-436082,1073627136
7-821310,1073455338
7-315615,1073754113
7-314321,1073793281
7-838933,1073793281
7-294965,1073516545
7-315189,1073534209
7-294931,1073774592
7-315165,1074397185
7-315098,1074012394
7-836245,1073777665
7-315041,1073995894
7-312782,1073774592
7-312454,1073938433
7-312699,1073798145
7-292566,1073527041
7-312577,1073796097
7-292354,1073742081
5-435800,1074219326
7-293852,1073793281
7-293798,1074018561
7-293696,1073807086
7-837133,1074020353
7-313681,1073584129
7-313435,1073842534
7-312131,1073775617
7-835949,1074018561
7-835966,1073754638
7-313297,1073796097
7-835739,1073777665
7-1466566,1073775617
7-308768,1073938433
7-308456,1073835009
7-290781,1073840129
7-288770,1073754638
7-308543,1073793281
7-310549,1073767772
7-308222,1073796097
7-288266,1073774592
7-835034,1074266113
7-310398,1073742081
7-290300,1074020353
7-308346,1074020628
7-288305,1073775617
7-288026,1073798145
7-288162,1074020353
7-1467532,1073784682
7-290100,1073524225
7-289523,1073754113
7-309813,1073782017
7-311393,1073938433
7-309243,1073742100
7-832135,1074038518
7-1464563,1074011137
5-433097,1073553292
5-428772,1073553292
5-428491,1073807360
7-288892,1073782017
7-290905,1073774868
7-830652,1074048290
7-830630,1074075752
7-828237,1073741825
7-1464850,1073842534
7-1464825,1073782017
5-431193,1074219326
7-829843,1073796097
7-1462514,1073767772
7-831691,1074028312
5-431085,1073815670
7-1462379,1074020353
7-831064,1074011137
7-829057,1074002177
7-830877,1074094052
7-831000,1073840128
7-829394,1074020865
7-829011,1074038518
7-1463719,1073842534
5-586184,1074035713
7-1463442,1073756506
7-830997,1073527041
7-828931,1073741825
5-587730,1074050049
7-806224,1074020353
7-987994,1074012394
7-1460647,1073771521
7-807906,1073584232
7-1478418,1073594369
7-1460144,1073767772
7-807713,1073840128
7-1479927,1074018561
7-1460355,1073771521
7-807281,1073741825
7-1461618,1073798145
7-955,1073782017
7-804761,1073534209
7-1479408,1073754638
7-706,1073774592
7-807117,1073966081
7-984554,1073840129
7-258,1073517160
5-585505,1074081281
7-804255,1073517160
7-1461188,1073546998
7-1478964,1073754113
7-1461125,1073782017
7-984340,1074018561
7-985406,1074018561
7-1477924,1073793281
7-985255,1073593857
5-582547,1074261249
7-985151,1073840129
5-598663,1074266113
7-802722,1074020353
7-984925,1073754113
7-803543,1074135041
7-1475950,1074020353
7-803300,1073754638
5-580066,1073793281
5-400372,1074219326
5-581571,1073773569
7-998260,1073774592
7-980502,1073756506
7-803362,1074020353
7-982977,1073594369
7-999981,1074020353
5-401216,1073815670
7-998086,1073782017
7-998009,1073840128
7-981913,1074020628
5-419289,1074042232
5-418910,1074042232
7-801573,1074135041
7-819467,1074018561
7-1473848,1073840129
7-999333,1073938433
7-800983,1073756506
7-800993,1074002177
7-981534,1073798145
7-801291,1073807636
7-996527,1074002177
7-999165,1073850218
7-816248,1073796097
7-816266,1073775617
7-996016,1073754113
7-1470365,1073774868
5-414548,1073815670
7-1470130,1073775617
7-997291,1073840128
7-996998,1074038518
7-1471833,1073756506
7-997151,1073754638
7-997080,1073774318
7-997157,1074020353
7-997290,1073793281
7-814794,1073527041
7-814647,1074052988
7-814575,1074094052
7-1446627,1073536792
7-995985,1074012394
7-995955,1073938433
7-1446462,1073938433
7-1446412,1073528306
7-815909,1074020353
5-415317,1074042232
7-995495,1074135041
7-815076,1073777665
7-992786,1073798145
5-593995,1073835009
5-413476,1073774594
7-992691,1073782017
7-1444798,1073774592
7-992146,1074002177
7-813714,1073741825
7-813757,1074075752
7-993988,1074018561
7-813654,1073594369
5-591839,1074261249
5-590726,1074081281
7-993518,1073842534
7-1444129,1073796097
7-988433,1073335041
7-812859,1073842534
5-411933,1073850218
7-808594,1073527041
7-809823,1073517160
7-1444967,1073807361
7-991458,1073798145
7-989345,1073798145
7-991565,1073782017
5-567969,1073807105
7-810806,1074020353
7-809325,1073817450
7-988932,1074094052
7-991097,1074038518
7-1443324,1074075752
7-1458719,1073550712
7-1442838,1073774592
7-1442902,1073775617
7-1440464,1073756506
7-809299,1073754113
7-1440234,1073817450
7-1441801,1073782017
7-1459581,1074073601
7-1459774,1073793281
7-1459486,1073774592
7-967728,1073995894
7-1459496,1073840128
7-1459046,1073837724
7-964511,1073524225
7-1458810,1073796097
7-964349,1073366238
7-965280,1073840129
7-964863,1073774592
7-965139,1073774592
7-1456000,1074018561
7-965692,1074020353
5-563603,1073835009
7-8696,1073606042
7-962297,1073782017
7-962461,1073594369
7-8338,1074075752
7-1457575,1073793281
7-962166,1073546998
5-563204,1074261249
7-1454489,1073455338
7-962090,1073782017
7-9646,1073837724
7-9753,1073807361
7-963488,1073784682
5-578192,1073773569
7-962867,1073756506
7-1455779,1074094052
7-9444,1073517160
7-962943,1074050049
7-9481,1073777665
7-9104,1074266113
5-561239,1074135041
5-579706,1074135041
7-960591,1074011137
7-1454996,1073798145
7-960164,1073774592
7-978209,1073774868
7-7904,1073837724
7-979267,1074094052
7-7426,1074012394
7-7430,1074075752
7-1453621,1073840129
7-979346,1073754113
7-978871,1073546998
7-1453762,1073840129
7-976718,1073966081
7-979176,1073542154
7-4794,1073741825
5-576121,1073793281
7-4746,1073807361
7-976367,1073414145
7-977707,1073528306
7-5633,1074048290
7-1448347,1074135041
7-5829,1074020628
5-577102,1074261249
7-1448338,1073840128
7-1451669,1073771521
7-5265,1073517160
7-977138,1074018561
7-1451715,1074020353
7-1449456,1073774592
7-976896,1073840129
7-1449484,1074075752
7-975809,1073842534
7-974197,1073524225
7-2445,1073536792
7-975608,1073584129
7-975470,1073796097
7-1426553,1073756506
7-975795,1074038518
7-1426442,1073774868
7-3764,1073837724
7-2816,1073807361
7-973812,1073774868
7-1952,1074048290
7-1425840,1074020353
7-973536,1073584232
7-1772,1073534209
5-569903,1074014465
7-973701,1073584129
7-969880,1073527041
7-968181,1074038518
7-1422635,1074073601
7-1425719,1073782017
7-971617,1073631233
5-571293,1073835009
7-1422584,1073528306
5-568849,1074081281
5-569191,1073773569
5-568996,1074266113
7-971582,1074020353
7-1423740,1073754638
7-1420798,1073527041
7-947429,1073756506
7-1421691,1073793281
7-1420137,1073774868
7-1421891,1073527041
7-1421325,1074018561
7-946725,1073756506
7-1439304,1074018561
7-1421121,1073774592
7-944493,1073796097
7-944300,1073741825
7-1421094,1073536792
7-1436798,1073842534
7-944075,1074038518
7-944029,1074020353
5-545587,1073992705
5-543890,1073835009
7-1436738,1073796097
7-1436454,1073872897
7-1434675,1074135041
7-1437102,1074038518
7-1437069,1073774592
7-1434240,1074200577
7-1434434,1074266113
7-943684,1073756506
7-1434206,1073754113
7-1435647,1073802838
7-1435497,1073807086
7-940578,1074038518
7-940648,1074011137
7-1435925,1074397185
7-959876,1074094052
7-941982,1073798145
7-940134,1073773569
7-1432449,1073782017
7-959704,1073796097
7-958820,1074012394
7-941525,1074050049
7-958896,1073807086
5-557969,1074189825
7-957787,1073741825
7-956794,1073516545
7-940964,1073771521
7-1428570,1074094052
7-956239,1073807361
7-957747,1074397185
5-554750,1074266113
7-1428251,1074002177
7-1431877,1073550712
7-956859,1073534209
7-1429212,1074018561
7-1431118,1073754638
7-1406605,1073594369
7-1406143,1074205280
7-1406544,1073774592
7-1407459,1073782017
7-952400,1073771521
7-1407241,1073756506
7-952585,1073840128
7-952543,1073796097
7-954586,1073782017
5-553487,1074266113
7-1407059,1073631233
7-1406946,1073606042
7-953480,1074011137
7-1405662,1073774592
5-550224,1074266113
7-953286,1073817450
7-952829,1074020353
7-948432,1073782017
7-1405493,1073754113
7-953051,1073781414
7-948574,1074018561
7-1404822,1073771521
7-187561,1073754113
7-1405136,1073793281
7-951896,1073840128
7-950376,1073741825
7-950917,1073735004
7-948379,1073774592
7-1402074,1073594369
7-185957,1073774868
7-926404,1073782017
5-527601,1074266113
7-926479,1074266113
7-1400691,1073774592
7-926536,1074012394
7-926000,1074020353
7-1400528,1073966081
7-182638,1073517160
7-927238,1074012394
7-1419951,1074002177
7-1400380,1073741825
7-1419726,1073798145
7-1419423,1073584129
7-1419121,1073756506
7-1416668,1073775617
7-1419095,1073775617
7-1416628,1073773569
7-1417865,1073938433
7-183021,1073774592
5-523721,1074266113
7-198463,1074135041
7-925343,1073756506
7-925843,1073524225
7-925082,1074094052
7-1417599,1073742081
7-199637,1073528306
7-180360,1074050049
7-922212,1073798145
7-922265,1073767772
7-199693,1073995894
7-1414763,1073798145
7-923809,1073556770
7-922134,1073773569
7-923773,1073756506
7-1414532,1073741825
7-198955,1074018561
7-923403,1073793281
7-198888,1073754638
5-520661,1073773569
5-538487,1074266113
7-196251,1073550712
7-923596,1073782017
7-1415108,1073594369
7-1413770,1073807086
7-939120,1073793281
7-939757,1074020353
7-196848,1073584232
7-939080,1074200577
7-938268,1073754638
7-936799,1073793281
7-195611,1073754113
7-936415,1073584232
7-195640,1074028312
7-936552,1073536792
5-537714,1073992705
7-936261,1074397185
7-1413000,1073534209
7-1412941,1073807636
7-195199,1073842534
7-937451,1073774592
7-1408507,1073517160
7-1409876,1074052988
7-937010,1073807636
7-1411869,1073817450
7-1411479,1073774868
7-192045,1073756506
7-937090,1073774592
5-534136,1073992705
7-193911,1073754638
7-1408810,1073777665
7-1410957,1074052988
7-934131,1074020353
7-193066,1073754638
7-1409105,1073741825
7-934961,1073777665
7-935393,1073840129
7-188349,1073766284
7-935137,1073741825
7-188061,1074038518
7-191983,1073837724
7-191899,1074002177
7-932571,1073807086
7-191699,1073798145
5-533287,1074135041
7-932515,1073534209
7-932497,1073527041
5-532830,1074035713
5-528664,1074266113
7-933989,1073546998
7-932368,1073774318
7-166261,1074038518
5-531257,1074266113
7-166266,1073774592
7-928105,1073741825
7-928421,1073774592
7-167273,1073774592
7-166273,1073872622
7-167835,1073774592
5-528869,1074014465
7-166808,1073840128
7-166909,1073754638
7-931441,1073536792
5-528986,1074266113
7-929339,1073782017
7-930986,1073775617
7-931037,1073556770
7-931482,1073774868
7-929168,1074002177
7-931170,1073774592
5-486495,1073773569
5-506247,1074035713
5-507452,1073807105
7-906478,1073594369
7-886748,1074081281
7-929141,1073741825
5-487502,1074266113
7-165547,1073754113
7-165004,1073840128
7-907694,1074205280
7-162706,1073782017
