key,13
7-60001,268485810
7-1349380,268624018
5-434523,268624018
5-115885,268392546
7-258062,268620545
7-1349274,268485810
7-420215,268476962
7-438396,268502194
7-1351281,268381514
7-1349302,268713985
7-241891,268486145
7-438178,268477410
5-115797,268612234
7-960390,268599297
7-421893,268493938
7-438096,268608482
7-798193,268382209
7-439650,268392546
7-101254,268593921
7-1326673,268484609
7-600139,268608482
7-421760,268381514
7-79411,268387818
7-960033,268600754
7-100953,268500994
7-781475,268476962
5-115368,268502778
7-601440,268628698
7-119353,268563201
7-101338,268481162
7-1146447,268584626
7-961965,268502778
7-79531,268392546
7-1146429,268479489
7-101038,268628698
7-601461,268589882
5-795882,268582913
7-118919,268505857
7-961763,268608482
7-1466621,268484610
7-259343,268477410
7-79316,268371378
5-58465,268517377
7-799533,268500994
7-258854,268453889
7-240835,268599297
7-979583,268746753
7-258970,268582913
7-1326059,268484522
7-1146119,268355585
7-438969,268502194
5-255296,268473298
7-116689,268584626
7-1486509,268355073
7-601231,268484522
7-961547,268517377
7-1486020,268504634
7-1487806,268568065
5-614878,268613633
7-1506092,268487937
7-781358,268484609
7-1147943,268624018
7-76655,268488250
7-438812,268608034
7-421156,268471866
7-1327982,268382209
7-1326166,268435713
7-1466214,268608482
5-41934,268589882
7-616798,268484610
7-616610,268435458
7-616616,268371378
7-616452,268604673
5-432706,268618874
7-117638,268484522
5-112297,268618874
7-117629,268624018
7-1327263,268386049
7-117792,268608482
5-59402,268500993
7-256136,268359754
5-432267,268755402
7-77605,268547610
5-59203,268501249
7-1487646,268353538
7-1467913,268608482
7-436545,268476962
5-614921,268500993
7-796506,268493938
7-1467463,268392546
7-1327387,268392546
7-1146982,268435713
5-59204,268619777
7-616314,268604673
7-257799,268392546
5-41370,268485810
7-1486800,268476962
5-58989,268500993
5-612286,268621057
7-1487099,268489729
7-1144439,268608034
7-117069,268582657
5-793847,268637185
5-59092,268619777
7-1467380,268452097
7-1487049,268572161
7-1326892,268382209
7-437629,268485810
5-613740,268599297
7-114719,268386049
7-1145829,268487937
7-797363,268484609
7-1504221,268453889
7-254678,268484609
7-436984,268353793
7-1464511,268471866
7-1504616,268453889
7-1467087,268626433
7-1466908,268452097
7-257370,268608482
7-1145665,268404474
7-1484298,268504634
7-1324152,268608482
5-56315,268601066
7-1324088,268613633
7-1464350,268628698
5-793379,268468481
7-1505814,268604673
5-250751,268502778
5-613195,268500993
7-1464122,268608482
7-114178,268468226
5-108430,268604370
7-977039,268489729
7-434683,268584626
7-115876,268613633
5-111834,268737938
7-1505575,268672402
7-254029,268384257
5-248251,268517290
7-974644,268612234
5-428749,268618874
7-1145362,268582657
5-788769,268391169
5-111901,268502194
7-435850,268484609
5-111661,268618874
5-248345,268608114
7-1485537,268561409
5-110146,268473298
5-610476,268599297
7-1325338,268382858
7-75636,268452097
7-434197,268599297
7-434178,268468226
7-75794,268608482
7-1142618,268480513
5-610383,268648449
7-615935,268612234
7-1484929,268355585
7-255624,268489729
7-1325007,268484610
7-1505323,268584626
7-1505319,268392546
7-795657,268687105
7-75498,268468226
5-609876,268479489
7-615783,268600754
5-791845,268593921
5-431904,268473298
7-975899,268476962
7-114804,268481162
7-1502637,268771114
5-608161,268496897
5-610169,268468481
7-1482773,268484609
5-431610,268485810
7-1482738,268648362
7-114900,268584626
5-251404,268608114
7-1462763,268382858
7-75002,268379106
5-109199,268502778
5-109005,268601066
7-1322324,268517121
5-431271,268615682
5-789590,268496897
7-72627,268484609
7-435354,268451754
7-74929,268485810
5-251394,268481162
7-1502267,268613633
7-1143931,268355073
7-975248,268582657
7-615301,268584626
7-795313,268489729
7-1482338,268584626
7-112505,268648362
7-1483870,268484609
7-112276,268381514
7-432659,268586554
7-794815,268386049
7-1503842,268484609
7-252693,268484610
7-975309,268602881
7-1503830,268624018
7-1503987,268772865
7-1143732,268477410
7-974850,268713985
7-615137,268493938
7-614918,268477410
7-1323630,268500906
7-1482156,268485810
5-431173,268648362
7-1482094,268484609
7-1323593,268484609
7-252379,268561409
7-792422,268593921
7-252342,268615681
7-113666,268561409
7-253833,268475794
7-792260,268502778
7-1503487,268484522
7-252144,268391169
7-1482929,268435713
7-1463053,268496897
5-767859,268484610
7-1140403,268608482
7-1322964,268602881
7-793857,268486145
7-113258,268452097
7-1158778,268477410
7-1482853,268566529
7-1502942,268484609
7-1140462,268506113
7-1320791,268584626
5-226346,268601066
7-432194,268582913
7-1323019,268471866
7-433939,268608482
7-1158593,268493938
7-1480637,268404474
7-1320473,268613633
7-113017,268593921
7-1463105,268451841
7-1478677,268466177
7-1480466,268582657
7-108676,268506113
7-1500459,268473298
7-110782,268628698
7-72980,268604673
5-407438,268459410
7-108712,268485810
7-253176,268341249
7-1478401,268486145
7-68664,268477410
7-613214,268479489
7-1320328,268489729
7-1338333,268599297
7-973537,268369921
7-973424,268452097
7-973429,268628698
7-1478466,268353793
7-1498524,268487937
7-1460576,268504634
7-793342,268487937
7-1518237,268666113
7-1480398,268572161
7-432991,268496897
7-432960,268485810
7-1500361,268613633
7-1338022,268479489
5-406964,268648362
7-68521,268392546
7-1478046,268435713
5-224625,268485810
7-1500177,268506113
7-70565,268493938
7-973031,268604866
7-248592,268486145
7-1158095,268249345
7-1478399,268484609
7-428659,268600754
7-612813,268484610
7-1339906,268506113
7-793174,268391169
7-1498020,268584626
7-110228,268384257
7-1501888,268584626
7-428473,268387818
7-1159590,268681217
7-1478187,268489729
7-1339737,268604673
7-70242,268468226
7-111826,268481162
7-610720,268713985
5-947329,268475905
7-428567,268608482
7-1460099,268489985
5-767156,268392546
7-428532,268359754
7-70338,268468226
7-1339541,268484609
7-109663,268608482
7-109625,268584626
7-1141377,268481162
7-1339516,268479489
5-584447,268593921
7-1499460,268608482
7-71878,268502194
7-610589,268599210
7-970681,268341249
7-1321277,268471866
7-968429,268713985
7-1461472,268496897
7-1159040,268487937
7-431850,268648362
7-430055,268608482
7-250087,268584626
7-1481233,268600754
7-71881,268615594
7-790204,268492946
7-250132,268481162
7-109453,268355585
7-429980,268484522
7-1499389,268480513
7-968251,268624018
7-1499363,268484610
7-71791,268493938
7-1461518,268482561
7-429946,268485810
7-1479262,268480513
7-970211,268517377
7-1338960,268583169
7-109499,268485810
7-109485,268484610
7-1481315,268502529
7-1499316,268584626
7-610035,268381514
7-790004,268493938
7-431675,268604673
5-764251,268459410
7-1339130,268384257
7-1156797,268599210
7-1321135,268628698
7-1500851,268382209
7-109257,268608482
7-1461368,268402690
5-404185,268625010
7-968192,268353450
7-1461046,268628698
7-1500884,268496897
7-1519009,268555521
7-1499012,268484610
7-1498968,268599297
7-251434,268486145
7-968152,268340794
7-111050,268484610
7-249513,268451841
7-431433,268466177
7-1496799,268402690
7-429562,268471866
7-1156488,268604866
7-1496748,268451841
7-1516700,268648362
7-111112,268608482
5-944012,268582913
7-609596,268608482
7-609466,268488250
7-251392,268485810
7-971793,268479489
7-431498,268493938
7-251334,268484609
5-585685,268475905
7-1496453,268484610
7-1476745,268610890
7-1156298,268484610
5-585426,268500993
7-249023,268489729
7-609497,268599210
7-1156062,268379106
7-609269,268477410
7-250962,268404474
5-225223,268615682
5-584987,268502529
5-584993,268502529
7-226589,268435713
7-1497915,268480513
7-1336365,268384257
7-250971,268452097
5-225233,268589882
7-1476457,268582914
7-226758,268613633
7-608988,268485810
7-1336131,268479489
7-226737,268373505
7-971303,268582657
7-1497988,268392546
5-404819,268793370
7-788917,268452097
7-1516278,268697601
7-971245,268624018
7-611074,268353793
7-46732,268404474
5-405114,268517290
7-968881,268392546
7-1476152,268404474
7-1476124,268473298
7-1497762,268502778
5-944863,268506113
7-46349,268502778
5-582680,268582913
7-946211,268489729
7-227796,268608482
5-49351,268601066
5-403872,268484610
7-226053,268484609
7-226199,268599297
7-1477442,268608001
7-586303,268451841
7-226151,268384257
7-766382,268452097
7-406076,268484522
7-1156925,268608034
7-407993,268487937
7-586160,268484609
7-1157110,268624018
7-946204,268500906
7-407609,268600754
7-1154727,268613633
7-1476860,268493938
7-1334783,268495361
7-1516956,268517377
7-947964,268452097
7-47482,268502194
5-942383,268625010
5-223711,268502194
7-1494774,268484609
5-942072,268481162
7-227392,268492946
7-407446,268608482
7-767767,268484609
7-227263,268506113
7-1154525,268475794
7-1474757,268493938
5-583585,268502529
7-46951,268359754
5-763704,268459410
5-762136,268601066
7-1494685,268486145
7-1474611,268489729
7-1474609,268612234
7-1494537,268481162
7-44670,268600754
7-406961,268517377
5-26204,268637185
5-763550,268615682
7-44747,268600754
5-763493,268381514
7-584661,268435713
5-763167,268625010
7-1475911,268493938
7-1335404,268517377
7-1515700,268451841
7-1335659,268487937
7-764678,268386049
7-1475870,268476962
5-400650,268484610
7-1335558,268479489
7-1515694,268648362
5-238522,268624018
7-404215,268504634
7-1154842,268477410
5-760478,268599210
5-580557,268627969
7-44087,268502194
7-404121,268477410
5-418365,268484610
5-760504,268604370
5-418377,268618874
7-1335351,268517121
7-584054,268612650
7-1334851,268517377
7-405966,268402690
7-1512670,268502194
5-778164,268793370
7-405417,268608482
5-401639,268608482
5-401608,268628698
7-1472676,268648362
5-778113,268459410
7-765585,268613633
7-1475224,268610890
7-764180,268484610
7-405760,268624018
7-1494977,268451754
7-225417,268620545
7-585737,268384257
7-1495136,268473298
7-1495089,268480513
7-1472608,268608482
5-239549,268624018
7-1152359,268435713
7-45199,268452097
7-585361,268628698
7-224824,268599297
7-45171,268584626
5-761695,268625010
5-941627,268500906
7-225148,268435713
7-225122,268506113
5-599512,268506113
5-419311,268392546
7-945061,268468226
5-221132,268459410
7-764908,268430337
5-580937,268500993
7-1472015,268500994
5-401093,268484610
5-779161,268500994
7-1472488,268488250
5-761512,268500994
7-1153655,268594418
7-222751,268484609
7-945148,268624018
7-1153599,268612234
7-762782,268561409
7-1153410,268353793
5-236698,268485810
7-1472133,268612650
7-762686,268608482
7-762691,268486145
7-1333429,268484522
7-942791,268608482
7-402495,268584626
5-940984,268625010
7-1493561,268484609
7-222030,268593921
7-582344,268624018
7-1473715,268608482
7-403862,268608482
7-403867,268404474
7-1333311,268746753
7-1333043,268596098
7-402357,268468226
7-1333379,268730369
7-582291,268404474
7-222143,268481162
7-1493348,268506113
7-402121,268493938
7-223790,268506113
7-583927,268517377
5-596353,268627969
7-583672,268735906
7-223700,268489985
7-1148768,268486145
7-1512820,268340794
5-776203,268589882
7-1148470,268381514
7-942161,268476962
7-43264,268481162
7-1473165,268739970
5-237744,268459410
7-942117,268608001
7-583682,268506113
7-1492918,268713985
7-403692,268608001
7-1150588,268484609
7-1330475,268593921
7-1150526,268500994
7-1328429,268382858
7-43340,268485810
7-1328592,268451841
7-1490730,268648449
7-1470782,268687105
7-583276,268614410
7-403259,268584626
7-43063,268473298
7-1150362,268435713
7-1470761,268473298
7-1330480,268481162
7-1150347,268613633
7-943461,268382858
7-403208,268608001
7-1328330,268506113
5-417506,268500906
7-1508252,268517377
7-1148169,268608001
7-1508410,268468226
7-1488518,268482561
7-42895,268608482
7-1330322,268484609
7-58638,268492946
7-403010,268359754
7-402996,268608482
5-957683,268392546
7-1331827,268626433
7-1508344,268468226
7-1331803,268584626
5-417397,268481162
7-403089,268387818
7-1510312,268502194
7-943346,268340794
7-1151784,268604673
7-238731,268391169
7-238732,268435713
7-418651,268489729
5-596863,268613633
7-580766,268604866
7-238421,268487937
5-597005,268627969
7-1468060,268582913
7-1468354,268371378
7-1489983,268484609
7-40435,268600754
7-580778,268479489
7-1489936,268613633
5-597142,268500993
7-1491901,268492946
7-1509913,268492946
7-1151404,268488250
7-778608,268604673
7-58266,268502778
7-58249,268502194
7-220260,268487937
5-776982,268500906
7-58229,268612234
7-40215,268485810
7-940770,268582914
7-760423,268628698
5-774663,268589882
7-580517,268468225
7-1469783,268484522
7-598212,268354826
7-1489592,268613633
7-1149310,268471866
7-239982,268435713
7-238185,268479489
7-59952,268481162
7-760251,268500906
7-599862,268613633
7-760204,268353793
5-234378,268484522
7-1491249,268582657
7-598178,268502194
7-221656,268484609
7-59614,268612234
7-400147,268599297
5-414359,268599210
7-400087,268481162
7-221755,268613633
7-778006,268502529
7-778017,268563201
7-419649,268359754
7-1330936,268502778
7-958065,268496897
7-401790,268473298
7-1488993,268572161
7-760133,268479489
5-235908,268547610
7-959849,268477410
7-1286657,268355585
7-1286633,268492946
5-954242,268360506
7-599728,268608034
7-419731,268484609
7-940195,268608482
7-1471002,268452097
5-775849,268371154
7-1286725,268473298
7-761686,268582913
7-1470914,268451841
7-221202,268480513
7-1306598,268628698
7-599555,268500906
5-38725,268601066
7-1126237,268608482
5-38700,268589882
7-239336,268582913
7-40828,268397057
5-415541,268618874
7-58919,268493938
7-941549,268382209
7-419067,268430337
7-1126161,268484609
7-56671,268493938
7-401035,268586554
7-400971,268473298
5-20355,268637185
7-1127768,268488250
7-416638,268608034
7-236692,268479489
7-1287856,268488250
7-56765,268340794
7-959231,268487937
7-1446496,268620545
7-401151,268628698
7-1286003,268582914
7-1286005,268504634
7-400884,268484610
7-416798,268624018
7-416603,268452097
7-416789,268608482
5-20189,268479489
7-56569,268354826
7-1307611,268608482
7-56279,268610890
7-1127594,268596098
7-1307697,268504634
7-956660,268360506
7-1447670,268566529
7-1267692,268476962
5-592551,268496897
7-1126811,268608001
5-412509,268648362
5-21227,268500993
7-596161,268589882
5-412340,268381514
7-417646,268582657
7-237445,268476962
7-417769,268500994
7-1124684,268600754
7-957839,268485810
5-592037,268496897
7-776581,268584114
7-596394,268600754
7-1447702,268487937
7-1126877,268430337
7-956033,268506113
7-1304637,268608482
7-1267155,268608001
7-1267139,268485810
5-233632,268381514
7-1447022,268593921
7-57253,268608482
7-957679,268489985
5-773972,268459410
7-1284599,268451754
7-597485,268382209
7-777588,268594418
7-597222,268435713
7-236859,268373505
7-1264413,268492946
5-233278,268484522
7-597323,268506113
7-1304217,268608482
7-417283,268477410
5-36554,268484522
7-597347,268468226
7-1304235,268735906
7-236805,268482561
7-236990,268249345
7-1125832,268604673
7-1125834,268608001
7-596963,268451754
5-773544,268381514
7-416941,268485810
7-1285990,268341249
7-1304012,268452097
7-1264039,268452097
5-592874,268364545
7-594774,268355585
7-1305777,268482561
5-412955,268648362
7-414469,268435713
7-956882,268608001
7-414427,268504634
7-1444150,268506113
7-234271,268435713
7-774756,268480513
7-54208,268451841
7-594554,268382209
7-1285490,268485810
5-408471,268517290
5-953123,268608114
7-54199,268489985
7-414532,268477410
7-1125247,268628698
7-414509,268604673
7-1445621,268599297
7-1125164,268476962
7-594022,268484522
7-235911,268589882
5-950720,268577793
7-1285251,268371378
7-1265529,268506113
7-594283,268340794
5-590555,268517377
7-1304862,268608482
5-228305,268485810
7-1304838,268484609
7-774292,268484522
5-229888,268793370
7-595770,268583169
5-408032,268392546
7-415478,268485810
7-774317,268481162
7-774058,268382209
7-1265309,268486145
7-1265294,268382209
5-590293,268479489
7-775968,268482561
7-1285114,268489985
7-415609,268353538
7-1444819,268495361
7-1444805,268608482
7-235505,268482561
7-775743,268502778
5-231757,268624018
7-415433,268387818
7-1444951,268481162
7-1282446,268582913
5-950015,268593921
5-949815,268502529
5-591693,268496897
7-55077,268485810
7-595208,268386049
7-235178,268484609
5-411541,268604370
5-229229,268360506
7-595544,268471866
7-415521,268589882
5-231425,268628698
7-55315,268476962
7-1282369,268382858
7-1442456,268492946
7-234976,268730369
5-949633,268479489
5-589244,268627969
5-34207,268755402
7-52767,268570170
7-415148,268608482
7-1122026,268487937
7-595056,268505857
7-234897,268249345
7-594834,268477410
7-1123666,268502529
7-1262326,268381514
7-774848,268476962
7-415080,268504634
7-1302168,268435713
7-775030,268476962
5-411320,268500994
7-412665,268626433
7-1303952,268452097
7-592674,268608482
7-1283664,268615594
7-52432,268340794
7-954859,268582657
5-34019,268755402
7-592720,268481162
7-1123452,268624018
7-1262109,268481162
5-589153,268479489
7-52506,268384257
5-590908,268479489
7-1283460,268624018
7-592540,268608482
5-771080,268473298
7-1263464,268477410
7-1443794,268485810
5-566706,268506113
7-1283497,268476962
7-1303268,268602881
7-412367,268608482
7-1263549,268484522
5-926676,268608114
7-592319,268359754
7-52125,268386049
7-232159,268621057
7-952545,268624018
7-952552,268612650
5-35391,268608114
7-772077,268613633
7-1263293,268473298
5-566335,268637185
7-592040,268608001
7-232130,268566529
7-53677,268506113
7-952251,268435713
7-1278660,268484609
5-34909,268371154
5-746039,268604370
5-567659,268500993
7-413640,268624018
5-926262,268589882
7-1318765,268435458
7-1263103,268608001
7-1278737,268484609
7-233346,268505857
7-1278428,268604673
5-387529,268500993
7-1280455,268608482
7-1278773,268582913
7-1278776,268697601
7-773715,268481162
7-1138326,268435457
7-1318234,268481162
7-1260554,268485810
5-207224,268496897
7-773231,268484609
7-1139980,268479489
7-1120008,268479489
7-953532,268582657
7-953503,268608482
7-1120172,268566529
7-1280285,268604673
7-1138140,268435457
7-412836,268608482
7-953241,268582913
7-1280055,268471866
7-230622,268435457
7-413124,268386049
7-1301997,268604673
7-593084,268615594
7-1261862,268471866
7-1278373,268496897
7-773291,268369921
7-228635,268582913
7-1121662,268487937
7-1279865,268489729
5-387120,268637185
7-1300117,268489729
7-1440282,268495361
7-48596,268582914
7-410758,268500906
7-228580,268476962
7-408731,268371378
7-1440059,268570170
7-1459830,268373505
7-590448,268517121
7-952894,268621057
7-230274,268484609
7-410408,268353538
7-48393,268495361
7-1121488,268584626
5-926872,268381514
7-1301419,268435713
7-770468,268488250
7-1281415,268392546
7-228346,268608482
7-590276,268485810
7-1299523,268379106
7-948696,268479489
7-1261435,268353538
7-950465,268487937
7-588390,268353538
5-33429,268502194
7-50191,268384257
7-51816,268387818
7-1301238,268355585
7-770515,268473298
7-48166,268506113
7-1139297,268353281
5-204227,268637185
7-231969,268589882
7-50136,268584114
5-384382,268500993
7-1459431,268484522
7-228126,268487937
7-1279503,268384257
7-50130,268379106
7-229975,268382209
7-51929,268371378
7-51677,268610890
7-228086,268602881
7-229909,268355585
7-410000,268484522
7-1300858,268600754
7-591996,268435458
7-409973,268624018
7-770308,268608001
7-51762,268502778
7-1318833,268486145
7-590149,268502529
7-1459269,268471866
5-33316,268502194
5-32865,268381514
7-231703,268563201
5-32875,268599210
7-1318978,268481162
5-384026,268517121
7-588110,268369921
7-769994,268489729
7-1278993,268612650
7-770119,268484609
7-951853,268624018
7-770090,268613633
7-409718,268468226
7-409707,268493938
5-744078,268392546
7-49511,268484522
7-771891,268488250
7-769895,268608482
7-948185,268486145
7-950196,268484609
7-411444,268608482
7-769797,268484609
7-229482,268555521
7-950102,268604673
7-949760,268604866
5-205430,268479489
7-591491,268586554
7-49296,268485810
7-51252,268608482
7-949636,268479489
7-51349,268608482
7-51353,268476962
7-1456794,268697601
7-949689,268582913
7-951693,268608482
7-1316516,268488250
7-411205,268599210
5-385511,268475905
7-51192,268484522
7-48938,268489985
7-951486,268476962
5-745436,268625010
7-591034,268502778
7-409184,268484522
7-50927,268484522
7-51137,268604673
7-949522,268476962
7-1136178,268487937
5-925734,268371154
7-1276395,268793370
7-590971,268746753
7-410977,268500994
7-411153,268493938
7-588956,268466177
7-566663,268608001
7-566666,268360506
5-384944,268468481
7-206687,268486145
7-770921,268612234
5-564852,268582913
7-206451,268466177
7-950832,268604673
7-1456068,268608482
7-1456042,268484610
7-1276096,268739970
7-386270,268484522
7-206252,268608482
5-925047,268502778
7-206113,268471866
5-382354,268627969
7-387897,268608482
5-382336,268615681
7-1317569,268628698
7-386335,268359754
7-1317502,268451754
7-1317271,268628698
7-207820,268608482
7-207940,268355585
7-387918,268341249
7-27640,268477410
7-1136932,268484522
5-562204,268496897
7-747994,268382209
7-567621,268608001
7-926029,268593921
7-27570,268387818
7-926191,268355073
7-567691,268386049
7-746134,268608001
7-207455,268608482
5-562029,268468481
7-926056,268382209
7-207557,268608482
7-927956,268341249
7-1274757,268604673
7-387345,268506113
7-387350,268563201
7-27020,268353450
7-567213,268392546
7-1454727,268582657
7-1314249,268502778
7-387182,268608482
7-24665,268354826
7-387117,268672402
7-1134155,268495361
7-24740,268594418
7-1314004,268648193
7-1294005,268359754
7-1135442,268355073
7-744629,268730369
7-204523,268482561
5-923369,268599210
7-1275850,268379106
7-24598,268502529
7-1135729,268697601
7-1135691,268392546
7-1455961,268488250
7-384484,268589882
7-564557,268584626
7-564523,268697601
7-744477,268621057
7-1315414,268484610
5-743106,268612234
5-380539,268517121
7-1135327,268572161
7-1455682,268484610
7-1275518,268502778
7-924556,268586554
7-1294862,268451754
7-565940,268604866
7-565941,268489985
7-744297,268489729
5-218047,268381514
5-560367,268506113
7-1274854,268608482
5-920534,268481162
5-920263,268360506
5-579979,268637185
7-1292788,268435713
7-25548,268502194
5-938225,268459410
7-1274894,268476962
7-1132582,268626433
7-205539,268500994
7-1455159,268608482
7-1292479,268484609
7-565580,268619009
7-1132555,268479489
5-741960,268473298
7-25321,268359754
7-1272684,268612234
5-399581,268648362
7-925741,268500906
5-381414,268599297
7-1452743,268568065
7-1132321,268249345
7-1292364,268482561
5-399355,268484610
7-382672,268354826
5-219337,268500994
7-1132125,268608482
7-1133880,268584626
5-201066,268615681
5-579362,268391169
7-1313813,268608482
7-1313816,268484610
7-1313930,268735906
5-219142,268601066
7-745095,268485810
5-561015,268648193
7-925191,268506113
5-578944,268364545
7-1133748,268359754
7-562765,268600754
7-562766,268730369
7-382456,268453889
7-1272112,268435713
7-1452002,268481162
7-22262,268502194
7-1452011,268582657
7-742617,268452097
7-1453887,268373505
5-759151,268459410
7-382395,268481162
7-1313242,268648362
7-382032,268713985
7-383988,268608482
7-1313207,268489729
7-922561,268451841
7-562302,268730369
7-1273261,268608001
7-922526,268486145
7-1293176,268452097
5-576321,268479489
5-576325,268500993
7-922328,268572161
7-563839,268589882
7-1273384,268502778
7-383640,268471866
7-922388,268482561
7-923856,268386049
7-923829,268525354
7-1272903,268485810
7-1453024,268435713
7-1312891,268473298
7-742145,268582657
7-203471,268476962
7-1272808,268596098
7-1130583,268386049
7-23497,268624018
7-203525,268435713
7-1452956,268735906
7-1453098,268734562
7-1308591,268452097
5-397560,268517290
7-1128206,268384257
7-1290267,268589882
7-1448727,268466177
7-202854,268353281
7-1308234,268382209
7-1448767,268353538
7-1268420,268500906
7-1288489,268582657
7-1270426,268613633
7-1308332,268506113
5-757424,268648362
5-937776,268485810
5-217349,268485810
7-382819,268382209
7-1131877,268471866
7-1450581,268404474
7-1288323,268619009
7-1290292,268604673
7-1288060,268353793
7-1131952,268593921
7-1450555,268608482
7-1130126,268392546
7-1268392,268619009
7-398647,268608482
7-398782,268584114
7-398612,268584626
7-563101,268451754
7-563109,268453889
7-1129631,268489729
7-1270064,268379106
7-1448214,268480513
7-200712,268628698
7-743138,268599297
7-1268191,268471866
5-396919,268502778
7-1291650,268502529
7-1448337,268737938
7-200422,268582913
7-380585,268600754
5-937246,268473298
7-380415,268600754
7-1129450,268612650
7-1449845,268600754
7-1268081,268619009
5-214632,268608482
7-560706,268495361
7-1129434,268486145
7-218384,268355585
7-740588,268613633
7-39846,268451754
7-1291268,268468226
7-1271405,268379106
7-560361,268604673
7-201848,268600754
5-394492,268737938
7-938451,268382209
7-39996,268626433
7-1131065,268489985
7-1289237,268484610
7-1311209,268484522
7-1311391,268487937
7-1449583,268486145
7-201931,268608482
5-934770,268473298
7-1129150,268628698
7-218196,268249345
7-380148,268624018
7-1269497,268502778
7-38093,268392546
7-1130951,268452097
7-1271382,268604673
7-219640,268506113
7-201640,268435457
7-560119,268506113
7-1288943,268713985
7-1289118,268599297
7-219462,268621057
5-754368,268500906
7-39584,268353538
7-758115,268353793
5-575983,268648193
7-1288853,268371378
7-578149,268561409
7-758072,268584626
7-1271333,268392546
7-938150,268604673
7-1449187,268582657
7-561446,268626433
7-219537,268600754
7-938037,268608482
7-939984,268481162
7-219592,268730369
7-1270880,268373505
7-741763,268487937
7-399481,268608482
7-939880,268484609
7-561584,268602881
7-1106521,268492946
7-1450920,268608482
7-1066440,268481162
7-1451129,268608001
7-759455,268495873
7-1086202,268476962
7-1426760,268382858
7-219284,268582657
7-21373,268468226
7-939782,268593921
7-381213,268382209
7-1426648,268353281
5-755788,268500994
5-215535,268484522
7-381049,268451754
7-1066251,268435713
7-219030,268582657
7-218804,268506113
7-939574,268340794
7-20903,268379106
7-1426428,268506113
7-1066059,268624018
7-741298,268340794
7-1086104,268600754
5-574923,268500993
7-920949,268613633
5-575130,268475905
5-574929,268599297
7-216431,268355585
7-576737,268504634
7-396558,268572161
7-1067741,268484522
7-741285,268517121
7-1086089,268452097
7-758960,268608482
7-920865,268730369
7-576477,268484522
7-1067680,268502194
7-1067698,268502529
7-920907,268353281
5-19648,268500993
7-1426103,268484609
7-756469,268613633
7-1067574,268608482
7-1067559,268612650
7-1427627,268504634
7-37865,268353538
5-935171,268500906
5-572688,268627969
7-576384,268379106
7-936468,268648193
7-37976,268619009
7-756309,268599297
7-756076,268612234
7-1084621,268553338
7-1247305,268608482
7-397988,268600754
7-1067390,268608482
7-936525,268489729
7-217645,268484609
5-392000,268459410
7-1104796,268608482
7-757893,268593921
5-572185,268730369
7-1426843,268392546
7-1084595,268489729
7-1104555,268477410
7-1426934,268737938
7-217225,268487937
7-577552,268584626
7-1064531,268477410
7-1244446,268593921
7-1084370,268354826
7-1064496,268471866
7-1244598,268404474
5-932095,268502778
7-1104011,268502529
5-16492,268391169
7-216913,268697601
7-1065851,268613633
7-397190,268484522
5-393253,268737938
7-1085849,268451754
7-1104033,268484609
7-214785,268582657
7-937392,268608034
7-34450,268477410
7-574631,268482561
7-937075,268382209
7-34598,268379106
7-34562,268484522
5-752870,268500994
7-937144,268506113
5-573104,268475905
7-1065737,268485810
7-1105518,268566529
5-570626,268593921
7-34354,268484522
7-34298,268451754
7-394298,268495873
5-750739,268500994
5-568579,268500993
7-214152,268353281
7-34087,268612234
7-394287,268392546
7-574204,268504634
7-1425727,268382209
7-215851,268604673
7-394139,268353793
7-35916,268481162
7-215901,268381514
7-754359,268582657
7-215663,268561409
7-395671,268353450
5-208337,268637185
5-750556,268628698
7-934391,268697601
5-208021,268730369
7-754026,268373505
7-1244878,268484522
5-748280,268502778
7-1244883,268397057
5-389633,268637185
7-755766,268602881
7-1064895,268614410
7-1244808,268484522
7-1062629,268582657
7-575751,268486145
7-1082545,268359754
7-1242609,268435713
7-935648,268619009
7-1425084,268582657
5-928070,268624018
7-35341,268589882
7-1062575,268488250
7-1082380,268473298
7-1422778,268624018
7-1242434,268435713
7-1242419,268452097
7-34832,268451754
7-755503,268468226
5-209264,268391169
7-1102042,268476962
7-35117,268397057
7-1082146,268484522
7-1062072,268489729
7-575190,268484610
7-574967,268604673
5-929715,268392546
7-1083890,268584114
7-935230,268502529
7-1242335,268561409
7-32734,268608482
7-755026,268489729
5-931419,268608482
7-572660,268484610
5-931578,268608482
7-935327,268619009
7-754945,268608482
7-212471,268584626
5-15855,268479489
7-32589,268612650
5-569026,268501249
7-212405,268495361
7-1063745,268487937
7-212482,268737938
7-392511,268502778
7-32381,268477410
7-932620,268481162
7-392398,268502194
7-932603,268353538
7-392210,268479489
7-752561,268386049
7-212293,268371378
7-932421,268369921
5-366263,268496897
5-546254,268599297
5-367898,268599297
7-753930,268476962
5-15161,268364545
7-1102859,268608482
7-212175,268681217
5-366235,268500993
7-1423412,268608482
7-753628,268477410
7-1423028,268435713
7-1060717,268624018
7-1423122,268382209
7-753441,268608482
5-367564,268599297
7-1080341,268485810
7-213068,268493938
7-1100498,268435713
7-393229,268453889
7-1100495,268582913
7-933608,268484610
7-1258535,268608001
7-393176,268584626
7-1099814,268489985
7-573182,268596098
7-933467,268391169
7-1060245,268340794
7-753487,268382209
7-1060215,268382209
5-887718,268577793
7-208624,268500906
7-1078183,268476962
7-390613,268353450
5-907421,268506113
7-1438237,268624018
7-1061904,268613633
7-208714,268793370
7-1081740,268435458
7-30411,268624018
7-1258159,268484610
5-364675,268517121
7-210355,268484610
5-13719,268501249
5-544735,268496897
7-748414,268624018
5-727119,268604370
7-1439644,268485810
7-208345,268493938
7-28319,268613633
7-390570,268489985
7-1241912,268484609
7-30482,268379106
7-1099591,268387818
7-932929,268382209
7-28399,268435458
7-930626,268561409
7-210236,268476962
7-1439614,268599297
7-1259561,268608482
5-544404,268500993
7-31970,268435713
7-1439470,268608001
7-1079206,268604866
7-930586,268600754
7-1118824,268604673
7-1421211,268451754
7-930332,268484609
5-904573,268364545
7-749968,268484609
5-866903,268459410
7-748362,268730369
7-570035,268502194
7-1259212,268481162
7-1421509,268586554
7-389790,268586554
7-569937,268613633
7-930363,268593921
7-210159,268360506
7-1439422,268397057
7-388133,268584626
7-750378,268608001
7-750172,268517121
7-209448,268486145
7-750113,268489729
7-209437,268493938
5-904224,268364545
5-904225,268582913
5-904200,268627969
7-1439027,268355585
7-1420983,268359754
7-1421183,268451754
7-389482,268492946
7-1076690,268360506
7-391592,268626433
7-929988,268373505
7-930160,268608482
7-1420848,268484609
7-29311,268612234
7-751402,268479489
7-931691,268608001
5-885923,268392546
7-1116539,268477410
7-1096510,268484522
7-571523,268371378
7-749432,268604673
5-905928,268599297
5-725617,268381514
7-1116335,268506113
5-864057,268481162
7-749505,268373505
7-931428,268484522
7-211005,268382858
7-31141,268498458
5-725564,268500906
7-1117936,268613633
5-865635,268484522
5-364870,268582913
5-725718,268608114
7-211179,268484610
5-545532,268495873
7-570850,268484609
7-1076336,268608482
7-186750,268610890
7-569002,268488250
5-545242,268496897
7-748852,268373505
7-1256294,268359754
7-929320,268613633
5-725395,268615682
5-365086,268501249
5-544832,268615681
7-1077629,268477410
7-928993,268360506
7-930969,268481162
5-10135,268500993
7-546469,268604673
7-726796,268476962
5-864832,268481162
7-186097,268484610
7-886406,268487937
7-1116803,268481162
7-929080,268476962
5-362692,268479489
7-1257694,268608482
7-886468,268486145
7-187776,268435457
7-1257219,268735906
7-1077029,268613633
5-542389,268627969
7-367605,268602881
5-11323,268364545
7-1257291,268584626
7-1094762,268482561
7-1077116,268468226
7-1256805,268379106
7-1256941,268452097
7-727667,268602881
7-1094216,268486145
5-183209,268479489
7-547399,268476962
7-366877,268608482
7-1094469,268568065
5-902384,268506113
7-727613,268730369
7-727778,268484609
7-187328,268525354
7-887785,268484609
7-1434604,268451754
7-887722,268484610
7-867763,268613633
7-366800,268369921
5-543589,268577793
7-727239,268506113
7-1114188,268561409
7-547030,268593921
5-363301,268599297
7-1114111,268584626
7-364768,268452097
7-1254286,268612234
7-887342,268584114
5-883562,268624018
7-1075926,268582913
7-364685,268589882
7-1254057,268633601
5-362902,268648193
7-727132,268500994
5-360664,268599297
7-906985,268371378
7-867295,268614410
7-364352,268648193
5-903169,268637185
7-904464,268473298
7-1435699,268604673
7-365994,268608001
5-738598,268604370
5-180006,268593921
5-900731,268582913
7-887144,268628698
7-1435802,268772865
7-364511,268397057
7-884762,268382209
7-724335,268608482
7-1115082,268600754
7-185459,268600754
7-1435275,268435713
5-898564,268473298
5-720238,268502194
7-1255057,268584626
5-720213,268672402
5-541805,268391169
5-860413,268485810
7-1072608,268613633
7-1254922,268476962
7-1092653,268755402
7-1255318,268484522
7-1255319,268612650
7-725989,268613633
5-379620,268599297
7-1254885,268382209
7-1435012,268452097
5-559886,268621057
7-545796,268502529
7-885855,268451754
7-365430,268495361
7-1072627,268340794
7-725765,268599297
7-545454,268476962
5-900341,268468481
5-181565,268593921
7-545417,268600754
7-185319,268610890
5-559785,268506113
7-864121,268484522
5-918087,268582913
7-545372,268583169
7-365009,268489729
7-1432458,268435457
7-1093838,268506113
7-1072347,268479489
5-901774,268582913
7-1113922,268489729
7-1252479,268471866
7-725436,268382858
7-1252438,268404474
7-885467,268379106
7-725075,268489729
5-360849,268582913
5-360857,268500993
5-739488,268793370
7-362658,268613633
7-182461,268480513
5-181139,268500993
7-1432515,268561409
5-919568,268502778
5-379158,268730369
7-542625,268479489
7-1093743,268466177
7-884866,268626433
5-541054,268577793
7-904962,268600754
7-182238,268355585
7-1073752,268468226
7-1432001,268737938
7-1073738,268589882
7-1073703,268624018
5-861371,268502778
5-720892,268381514
7-542507,268481162
5-196268,268496897
5-721030,268608114
5-901342,268500993
7-1113558,268473298
7-1433658,268402690
7-183969,268582914
7-542230,268371378
7-902717,268681217
5-860859,268473298
7-862785,268392546
5-556426,268391169
7-542370,268604673
5-878834,268360506
5-916486,268582913
5-377897,268500993
7-1110684,268613633
7-1090708,268613633
7-1112946,268488250
7-1092948,268479489
7-363656,268485810
5-376187,268593921
7-1112863,268504634
7-1433462,268648362
7-1433452,268249345
7-902481,268489729
7-1108605,268476962
7-1253051,268517377
7-1110767,268487937
7-1108752,268471866
7-363434,268479489
7-183238,268504634
7-903969,268493938
7-1433027,268506113
7-902145,268476962
5-876494,268502778
7-183346,268371378
7-863991,268476962
5-197202,268517121
5-916098,268582913
7-1070256,268484609
7-1248576,268608482
7-182879,268582657
7-1088265,268340794
5-876396,268589882
7-543508,268608482
7-903429,268435713
5-377232,268615681
7-1248496,268382858
7-362900,268479489
5-737404,268608482
7-543019,268572161
7-1071841,268604673
7-180685,268486145
7-723294,268502778
7-903201,268593921
7-18703,268485810
7-1250297,268488250
5-737234,268481162
7-360463,268626433
5-377103,268479489
7-1109682,268496897
7-723199,268381514
7-1091603,268620545
7-1430218,268484609
7-883280,268484522
7-360429,268599210
7-1071797,268593921
7-1071760,268379106
7-1091457,268604673
7-1429839,268435713
7-198382,268504634
7-558444,268506113
7-882918,268484609
7-1071682,268502778
7-883091,268610890
7-1430140,268435713
7-862970,268484522
7-378225,268484610
7-1109277,268488250
7-1111240,268484609
5-554759,268501249
7-540488,268624018
7-558496,268593921
7-860678,268484609
7-198010,268608482
7-1429610,268435713
7-900730,268382209
7-720546,268484609
7-1091355,268613633
5-374529,268475905
7-860611,268451841
7-880446,268608482
7-860765,268604673
7-1111307,268471866
7-720512,268502194
7-361809,268548865
5-374250,268475905
5-914645,268582913
7-900590,268502778
7-558314,268608482
7-878714,268627969
7-361946,268360506
7-559860,268484609
7-1249278,268481162
7-559877,268602881
7-558010,268624018
7-1071075,268484522
7-361644,268384257
7-1249214,268735906
7-559997,268613633
7-199700,268608482
7-738280,268489729
7-379799,268608482
7-1089179,268504634
7-559850,268506113
7-360086,268353450
7-1108975,268489729
5-375841,268500993
7-1431266,268582657
7-721872,268466177
7-1249321,268502778
7-19730,268619009
7-720021,268604673
5-894595,268481162
7-1071107,268604673
7-181551,268600754
7-881869,268610890
7-1429329,268485810
7-721937,268353450
7-1250966,268613633
7-720106,268359425
5-554189,268577793
7-918019,268493938
5-555915,268637185
7-1429155,268600754
7-181324,268608482
7-878005,268504634
7-918004,268487937
7-899809,268547610
7-899989,268624018
7-880009,268572161
7-898172,268353793
7-1251090,268481162
7-881947,268610890
7-879869,268589882
7-19207,268500994
7-901651,268624018
7-860147,268484522
7-879920,268392546
5-375433,268501249
5-375542,268599297
7-541256,268582913
7-899452,268584626
5-555546,268577793
7-361176,268379106
7-919541,268582657
7-919549,268697601
7-879767,268496897
7-541341,268468226
7-1046216,268612234
7-879734,268404474
7-919267,268568065
7-540978,268502529
5-875637,268360506
7-540953,268484609
7-558872,268386049
7-881261,268608482
7-739351,268355585
7-1406551,268489985
5-195104,268496897
7-1226302,268392546
7-901325,268608034
5-555052,268627969
7-918850,268484609
7-739103,268484609
7-899039,268608482
7-899186,268476962
7-899197,268484522
7-736647,268391169
7-736764,268382209
7-1407963,268369921
5-554893,268582913
7-898909,268484609
7-16224,268553338
7-16215,268484610
7-1407907,268648193
7-197863,268504634
5-875374,268589882
7-376375,268582914
7-879116,268487937
7-1227468,268627969
7-896739,268608482
5-895154,268371154
7-196130,268500906
5-915119,268577793
5-895113,268625010
7-17922,268435713
7-736203,268517377
7-197787,268402690
5-192179,268627969
7-876406,268604673
7-197368,268493938
7-897902,268502194
7-557424,268355585
5-733806,268502778
7-896234,268382209
7-876547,268471866
7-1407244,268468226
7-1047165,268495361
7-1047125,268381514
7-736015,268615594
7-1407366,268484522
7-737977,268353450
7-1044676,268608482
7-1226809,268600754
7-17555,268589882
7-737657,268484609
7-557572,268517377
7-377206,268624018
7-197055,268624018
7-1044565,268382209
5-553752,268479489
5-893967,268608114
5-892167,268589882
7-197171,268435713
7-194454,268582657
7-1224301,268485810
7-1224305,268468225
7-917340,268593921
7-1404737,268353538
7-917433,268430337
7-877473,268612650
7-557189,268355585
5-873751,268381514
7-1044148,268373505
7-14696,268468225
7-897333,268489729
5-873717,268459410
7-1225823,268600754
7-916878,268697601
7-896868,268493938
5-733357,268484522
7-896980,268697601
7-734674,268608001
7-1225903,268583169
7-896971,268608482
5-368787,268402689
7-1405812,268612234
5-368704,268517377
5-188524,268599297
5-913030,268364545
7-554497,268746753
5-368410,268500993
7-194185,268610890
7-874621,268471866
5-912946,268502529
7-1405737,268586554
7-874775,268484522
7-734493,268487937
7-374036,268476962
7-195642,268493938
7-894564,268369921
7-15926,268493938
7-734235,268730369
5-370209,268593921
7-15792,268481162
7-1405518,268608482
7-1225356,268502529
7-1045121,268561409
7-554073,268484522
7-374135,268608482
7-375917,268477410
7-894264,268484522
7-1224826,268484609
7-1224994,268566529
7-1405058,268504634
7-915964,268484610
7-895656,268612234
5-870213,268648362
5-191500,268593921
5-371435,268501249
5-729631,268589882
5-891929,268648362
5-371485,268500993
7-735500,268599297
7-1224911,268484609
7-1404827,268608482
7-555467,268489729
7-894123,268487937
5-191242,268501249
7-735401,268561409
7-1042557,268484610
7-194989,268381514
5-731719,268601066
7-875448,268735906
5-871657,268481162
7-1222376,268608482
7-374855,268384257
7-915429,268382858
5-551407,268599297
7-735265,268613633
7-734839,268608482
7-1043939,268451754
7-875249,268504634
7-1043900,268492946
7-372710,268626433
7-915288,268487937
7-552760,268486145
5-549188,268582913
7-372409,268392546
5-909223,268506113
7-895177,268485810
7-372545,268608034
7-915145,268561409
7-875047,268484610
7-915136,268382209
7-1223622,268517121
7-914891,268613633
7-1223625,268608482
7-1043715,268608034
7-875142,268615681
5-908871,268613633
7-372212,268379106
7-552510,268599210
7-875095,268502529
7-193970,268608482
7-192172,268502778
7-13828,268594418
7-1403728,268604673
7-872461,268561409
7-912487,268600754
5-666708,268360506
7-1403492,268355585
7-1403702,268608034
7-13817,268476962
7-732276,268621057
7-912592,268624018
7-553950,268624018
7-1042887,268600754
7-892058,268484609
7-1223166,268484610
7-872371,268493938
7-893839,268360506
7-732089,268435713
5-846433,268500994
7-1403078,268381514
7-1402842,268746753
7-13523,268612650
7-193393,268473298
7-553452,268484610
7-1220653,268648193
7-912103,268613633
5-707807,268481162
7-192827,268584626
5-347521,268613633
7-553209,268772865
5-527457,268479489
7-193110,268391169
5-527599,268364545
7-913541,268488250
7-873445,268604673
7-733735,268582657
7-893652,268493938
7-873921,268481162
7-872134,268502194
7-893489,268582913
7-1418550,268384257
7-553167,268612234
7-370626,268608482
7-733041,268486145
7-893346,268481162
7-188598,268608482
7-1238067,268482561
7-873268,268608482
7-370698,268484522
7-732970,268430337
5-346907,268730369
5-847251,268481162
7-1041443,268484610
7-1401896,268489985
5-687127,268608114
7-190486,268610890
7-913029,268435457
7-1418063,268484609
7-913002,268624018
7-913168,268487937
5-707058,268517290
7-872831,268481162
7-1041477,268500994
7-908613,268484610
7-548532,268485810
7-189825,268382209
7-1059551,268502194
7-888752,268486145
7-728410,268486145
7-870642,268435713
7-189954,268628698
7-11823,268484610
7-368076,268384257
7-189880,268353281
7-890427,268492946
7-368003,268468226
7-189674,268648362
7-1059361,268340794
7-1221537,268451841
7-868701,268485810
7-1239272,268340794
7-368131,268371378
7-1419564,268379106
7-908519,268619009
7-910501,268487937
7-370094,268584626
7-890517,268481162
7-1221204,268600754
7-371650,268608482
7-1401535,268486145
7-191705,268489729
7-730282,268582913
7-730285,268608001
7-729876,268602881
7-728057,268619009
5-345887,268637185
5-664485,268371154
5-165740,268391169
5-704375,268604370
7-908316,268481162
5-345938,268479489
7-729946,268608001
5-165610,268648449
7-728182,268384257
7-729990,268582657
7-11463,268485810
7-549643,268505857
5-345924,268648449
7-909863,268493938
7-730152,268730369
7-191524,268392546
7-1419307,268502529
7-888027,268610890
7-1221145,268608482
7-1418861,268628698
7-1056798,268487937
7-1220952,268484609
7-891813,268596098
7-870282,268608482
7-371546,268477410
5-345785,268479489
7-731759,268582913
7-910094,268484522
5-705805,268500906
7-869806,268485810
7-868164,268596098
7-1419083,268482561
7-871976,268476962
7-371228,268563201
7-191070,268387818
5-705924,268484522
5-165529,268479489
7-869920,268484610
7-371214,268481162
7-191014,268493938
5-844306,268506113
7-1056488,268485810
7-549382,268485810
7-368871,268626433
7-909379,268451841
5-344979,268648193
7-166578,268485810
7-891079,268613633
5-844105,268484609
7-891514,268613633
5-345324,268593921
7-731338,268397057
5-344929,268500993
7-526789,268517121
5-685369,268500906
7-730891,268593921
7-869404,268487937
7-551161,268359754
7-909234,268648362
7-1057979,268487937
7-1416753,268480513
7-891560,268608482
7-166653,268600754
7-869466,268451841
7-871086,268610890
5-665192,268484522
7-1237433,268506113
5-342533,268479489
7-891028,268481162
7-728917,268561409
7-686665,268517377
7-889004,268612234
7-868855,268360506
7-889105,268430337
7-1417946,268489985
7-1057402,268612234
7-888995,268610890
7-871291,268517377
7-869059,268504634
7-706766,268561409
7-1417470,268481162
7-1417558,268608034
7-526169,268484609
7-1417512,268517377
7-527953,268382209
7-666381,268489729
7-846539,268608482
7-846244,268484610
7-527623,268621057
7-666311,268473298
5-682203,268624018
7-707936,268484610
7-167486,268620545
7-167494,268620545
7-347426,268484609
7-1417062,268584626
7-666184,268626433
7-667994,268355073
7-1054740,268359754
5-163438,268496897
7-707680,268502194
7-167306,268493938
5-662064,268381514
7-1234759,268599297
7-1054731,268484610
7-347485,268608482
7-1054686,268359754
7-1417120,268484609
5-682138,268601066
7-1414672,268614410
7-707420,268593921
7-1414607,268593921
7-1054264,268624018
7-667458,268600754
5-163309,268500993
7-1054366,268612650
5-703453,268608114
7-1054328,268624018
7-347134,268730369
7-667481,268608482
7-524764,268489729
5-340623,268648449
7-847293,268484522
7-704784,268502194
7-1414566,268369921
7-344641,268485810
7-1054188,268608034
7-527128,268484609
7-687044,268620545
7-706846,268608482
7-344703,268584114
7-164573,268612234
7-1235650,268402690
7-164358,268493938
7-847036,268486145
5-520659,268364545
7-847000,268599297
7-847013,268506113
5-520760,268391169
7-664773,268594418
7-1235707,268604866
7-524275,268382209
7-164197,268371378
5-340545,268637185
7-844606,268502778
5-842987,268500993
5-160330,268391169
7-344004,268489729
7-685854,268481162
5-161666,268517121
5-698383,268608482
7-665858,268384257
7-1055350,268484609
7-704390,268737938
7-165795,268612234
7-704327,268489729
7-165710,268584626
7-705872,268610890
7-525925,268486145
5-520369,268621057
5-358084,268517377
7-1052652,268589882
7-844350,268476962
7-345403,268471866
7-664163,268476962
7-165383,268627969
5-701853,268502194
5-840491,268364545
7-1052716,268626433
7-1232628,268476962
7-525591,268340794
5-359681,268501249
7-1415128,268604673
5-858256,268371154
7-1232770,268466177
7-1052424,268392546
5-179285,268496897
5-681459,268484522
5-341378,268500993
5-840118,268613633
7-1412656,268484522
7-165142,268495873
7-1412748,268628698
7-1052236,268586554
7-1415095,268481162
7-845951,268561409
7-665612,268488250
7-1412643,268484522
5-841765,268495873
5-841740,268495873
7-704823,268468226
5-340801,268648449
7-1053874,268604673
7-342646,268481162
7-162718,268608482
7-1412484,268608001
5-356710,268637185
5-718976,268485810
7-1413885,268517377
5-536600,268613633
7-705163,268481162
7-845247,268589882
7-705172,268608482
7-685176,268487937
7-1233831,268504634
7-664839,268626433
7-702670,268502194
5-521016,268496897
7-664979,268582657
7-702761,268582914
7-844837,268624018
5-699166,268484522
7-162019,268381514
7-522272,268479489
7-522257,268593921
5-679151,268485810
7-842627,268481162
7-163947,268373505
5-841071,268479489
5-716760,268360506
5-858982,268484522
7-682255,268473298
7-1233513,268608482
7-1413400,268506113
7-1053321,268404474
5-856665,268625010
7-523985,268593921
7-1413516,268451754
7-842265,268487937
7-662324,268480513
7-663842,268608482
5-357675,268730369
7-523951,268484522
7-662237,268451754
7-522138,268517121
7-163457,268489729
5-537961,268627969
7-1232887,268489729
7-1050759,268735906
7-523468,268613633
7-843866,268484610
7-1412811,268382209
5-856501,268371154
5-696185,268360506
7-343381,268599210
5-856395,268624018
5-357418,268500993
5-537691,268502529
7-1412938,268371378
7-842187,268476962
7-843817,268484609
7-163296,268485810
7-1050488,268619009
7-1048509,268608482
7-1048263,268435713
7-1408471,268502529
5-697441,268485810
7-1408593,268487937
7-523055,268484609
7-522800,268382209
7-160641,268493938
7-1228535,268485810
7-1408456,268484609
7-703233,268486145
7-1051820,268608001
7-178461,268355073
7-1049832,268604673
7-1050019,268485810
7-702854,268489729
7-538672,268486145
5-356961,268500993
7-160417,268504634
7-1051894,268476962
7-843200,268486145
5-174744,268613633
7-683088,268730369
5-354667,268517377
7-698673,268453889
7-1051615,268681217
7-1230109,268599297
5-354794,268637185
7-1409924,268382209
7-340214,268479489
7-698431,268479489
7-1411607,268553338
7-358301,268633601
5-714636,268601066
7-1229432,268584626
7-1409629,268485810
7-1051549,268355585
7-700581,268485810
7-1229467,268746753
7-1411756,268608482
7-698536,268608482
7-341822,268484522
5-676897,268608114
7-1051221,268589882
7-161679,268477410
7-1051396,268604673
7-520281,268487937
7-538311,268596098
7-538072,268353793
7-1051321,268502529
7-520043,268599297
7-340092,268553338
7-538003,268633601
7-660268,268481162
7-660270,268624018
7-700280,268451754
7-359783,268604673
7-718070,268735906
7-161452,268479489
5-355823,268500993
7-1411222,268484522
7-699828,268604673
7-179403,268610890
7-678322,268486145
7-701812,268468226
7-719992,268502529
7-678325,268373505
7-678334,268484522
5-714381,268459410
7-698148,268502529
7-539610,268626433
7-1230995,268584626
7-1409319,268485810
7-1231174,268772865
7-679823,268382209
7-161249,268404474
5-534151,268599297
7-1386678,268485810
7-840071,268384257
5-535993,268577793
7-1231122,268613633
7-840323,268354826
7-359417,268384257
7-841945,268484609
5-175527,268479489
7-701468,268608001
5-694109,268485810
7-660138,268600754
7-660122,268746753
7-679677,268489729
7-681703,268484609
7-539508,268608482
7-840097,268382209
5-175240,268391169
7-701583,268484522
5-674196,268589882
7-701549,268563201
5-674127,268601066
7-859791,268584114
7-841769,268397057
7-521346,268608001
7-859745,268486145
7-359019,268746753
5-715713,268360506
7-520844,268341249
7-1386243,268502529
7-859455,268613633
7-521166,268633601
7-356625,268593921
7-719070,268593921
7-698871,268477410
5-355348,268648449
7-679516,268608482
7-521188,268481162
7-841588,268486145
7-356790,268495361
7-521125,268602881
7-356776,268353793
5-535326,268506113
7-718802,268492946
7-1206066,268369921
7-536669,268626433
7-701008,268381514
5-695319,268502194
5-8736,268627969
7-536714,268484609
5-675383,268485810
5-675568,268502778
7-1026084,268489985
7-661307,268476962
7-699139,268615681
5-354884,268613633
7-681083,268476962
7-536740,268583169
7-661181,268355585
5-855482,268502778
5-855509,268589882
7-841055,268487937
7-841015,268453889
7-716733,268502529
7-696473,268353793
7-696447,268486145
7-858896,268476962
7-1387461,268502194
7-856780,268613633
7-716523,268594418
7-177663,268473298
7-1026818,268502529
7-537931,268648449
7-537889,268570170
7-1027143,268486145
7-676525,268384257
7-537846,268608482
7-1207237,268489729
5-353873,268402689
7-716262,268608482
7-1207550,268613633
7-856756,268506113
7-1027217,268484522
7-356143,268359425
5-854949,268672402
7-696231,268484610
7-716382,268496897
7-537679,268435713
7-1386864,268360506
7-1027134,268584114
5-672549,268484610
7-357697,268746753
5-692207,268360506
5-533849,268627969
7-696084,268476962
7-1206907,268484609
7-697624,268504634
7-1207094,268608482
7-537469,268481162
5-672287,268608114
5-9593,268627969
7-357372,268479489
7-857904,268484610
7-627,268502194
7-696116,268612234
7-537745,268373505
7-697679,268484609
7-177208,268568065
7-1384675,268593921
7-1024734,268484522
7-440,268608001
7-856110,268371378
5-353406,268500993
7-697564,268621057
7-537228,268613633
5-533445,268502529
5-9203,268500993
5-693768,268502194
7-220,268604866
7-677595,268379106
5-9327,268364545
7-717222,268624018
5-713451,268608114
7-716988,268476962
7-717169,268604673
7-534606,268613633
7-694661,268382209
7-677517,268435713
7-677272,268495361
7-537010,268479489
7-1384368,268602881
7-174247,268504634
7-1384136,268481162
7-1025775,268613633
7-856864,268599297
7-1385606,268488250
5-673299,268360506
5-693170,268599210
5-6406,268500993
7-714608,268493938
7-714793,268489729
5-673359,268484522
7-857035,268435713
7-1025452,268355585
7-694696,268477410
5-528737,268468481
5-168222,268364545
7-674702,268495361
5-528405,268627969
5-168332,268582913
5-168307,268502529
5-848795,268481162
7-695848,268610890
7-1205337,268502778
5-170116,268475905
7-1025342,268397057
7-1205494,268517377
5-670613,268485810
5-170053,268599297
7-674536,268608034
7-354088,268593921
5-7806,268599297
5-670463,268484610
5-349963,268648193
7-1385077,268608482
7-695963,268451754
5-7631,268593921
7-675858,268604673
7-535775,268582913
7-355433,268735906
5-351644,268475905
7-715677,268599210
7-675809,268481162
5-689862,268485810
7-715626,268624018
7-174861,268504634
7-854143,268610890
5-848384,268484522
7-854110,268487937
7-675754,268468226
7-355311,268471866
7-675686,268619009
5-711602,268381514
7-675942,268599297
7-355548,268506113
7-535575,268482561
7-1022426,268517377
7-355075,268627969
5-531432,268627969
7-675418,268608482
7-354992,268484609
5-351256,268501249
7-1382498,268624018
5-671617,268484610
7-1382255,268379106
7-1202398,268451754
5-709594,268381514
7-535007,268484609
5-669733,268599210
5-171135,268599297
5-671447,268381514
5-689516,268371154
7-715029,268485810
7-1022145,268604866
7-1022123,268604673
5-849687,268392546
7-352712,268484609
5-709206,268601066
7-675073,268502194
7-695123,268596098
5-351106,268364545
7-715327,268621057
7-535163,268353538
7-535174,268484610
7-715292,268485810
7-714905,268563201
7-674980,268484522
5-531159,268599297
5-530926,268517377
7-712606,268489985
7-172215,268566529
5-528891,268627969
5-326726,268648449
5-146595,268402689
7-1203782,268570170
5-691177,268502778
5-670879,268601066
5-668857,268484610
5-506457,268479489
7-353987,268561409
7-352012,268484522
7-172295,268452097
5-506606,268479489
7-1203727,268621057
5-709103,268484522
7-532283,268486145
7-672568,268468226
7-1383517,268624018
7-692209,268584626
7-1023060,268604673
5-506206,268500993
7-672235,268484610
7-1023198,268392546
7-693941,268504634
5-327938,268648449
7-533754,268596098
7-673998,268489985
7-693822,268487937
5-326005,268500993
7-713998,268488250
7-533674,268392546
7-533722,268484609
5-327628,268501249
7-1398607,268613633
5-826225,268517377
7-673623,268488250
5-487606,268391169
7-853923,268610890
7-1218725,268404474
7-673453,268489729
7-1038220,268485810
7-1038239,268502529
5-487436,268582913
7-173012,268493938
7-172812,268504634
7-172968,268473298
7-853785,268485810
5-327265,268496897
7-1038202,268600754
7-853729,268486145
7-168651,268484522
7-353146,268489729
7-532860,268484609
7-853479,268608482
7-853442,268484609
7-1020303,268599297
5-507266,268500993
7-348664,268481162
7-1020075,268599297
7-350653,268482561
5-507234,268364545
7-533148,268599297
7-170465,268471866
7-170446,268476962
5-467507,268364545
7-168439,268480513
7-673327,268484609
7-1381850,268379106
7-1218053,268615594
7-1200038,268730369
7-350440,268482561
7-528719,268379106
7-1381906,268624018
7-1219914,268608001
7-1219671,268582657
7-1218148,268627969
7-673003,268435713
7-170240,268697601
5-467306,268593921
7-710790,268484522
7-708794,268484522
5-647373,268481162
7-530407,268566529
7-1219791,268453889
7-1399612,268608482
7-708696,268486145
7-1039436,268484522
7-668788,268619009
7-853123,268493938
7-528533,268612650
7-171849,268604673
7-530489,268480513
7-168034,268468226
7-710418,268610890
5-484469,268599297
5-826858,268506113
7-171928,268737938
7-1381411,268453889
5-484436,268582913
7-529865,268486145
5-644722,268672402
7-850418,268481162
7-688327,268487937
7-708497,268369921
7-349819,268487937
5-484572,268599297
7-848689,268489985
7-1219394,268582657
7-171735,268382209
7-710282,268480513
5-504390,268599297
7-709875,268593921
7-529928,268619009
7-528112,268506113
7-1021158,268604673
7-688161,268404474
7-710179,268353538
5-824690,268627969
7-349461,268613633
7-689953,268384257
7-709930,268379106
7-669856,268604673
7-691914,268484522
7-668195,268608482
7-850327,268486145
7-1380934,268589882
5-145715,268496897
7-690096,268435713
7-1219144,268484522
7-1218945,268599297
7-709672,268486145
7-670104,268582657
7-351279,268506113
7-1216603,268353793
5-644280,268500906
7-1036750,268628698
7-349557,268582914
7-529476,268484609
7-851859,268451754
7-709728,268596098
7-848144,268384257
7-711470,268608482
7-1216728,268484609
7-531487,268613633
7-709419,268379106
5-645996,268502778
7-669680,268382209
7-671582,268489729
7-711277,268599297
7-689204,268382209
7-351128,268626433
7-709362,268600754
7-349100,268353450
7-671486,268599210
7-1037863,268477410
7-708854,268481162
7-708855,268353538
5-645430,268360506
7-709030,268485810
7-1037876,268502194
7-326622,268353793
7-708876,268468226
7-530937,268582913
7-709013,268561409
7-506630,268608001
7-671060,268354826
7-849399,268382209
5-504948,268593921
5-142453,268648362
7-851012,268485810
5-825399,268391169
7-1217995,268582913
7-1037622,268589882
7-670826,268402690
7-668994,268381514
5-502785,268648449
7-486519,268593921
7-848936,268481162
7-1217737,268594418
5-645163,268485810
7-466572,268489729
7-826606,268386049
7-146131,268489729
7-146100,268484609
5-645115,268500994
7-1037257,268489729
5-825037,268479489
5-502064,268621057
7-1037091,268481162
7-507783,268471866
5-502036,268501249
7-1037232,268504634
7-507841,268604673
5-822641,268502529
7-467985,268476962
7-507752,268505857
7-507725,268486145
7-467656,268589882
7-827843,268468226
7-647674,268613633
7-487560,268340794
7-467718,268613633
7-327364,268484609
7-147057,268608034
7-487505,268355585
7-146829,268608482
5-503753,268517121
7-467592,268489729
7-487256,268593921
5-823863,268502529
7-467557,268391169
5-503427,268364545
7-147090,268493938
5-86725,268475905
5-463720,268648362
7-507309,268608482
5-323381,268648362
5-323388,268618874
5-142828,268648362
7-1034031,268485810
7-506921,268386049
5-86507,268637185
7-1214328,268486145
7-327085,268506113
7-326908,268615594
7-1035841,268593921
7-827578,268648193
7-1035977,268353450
5-323155,268618874
7-467156,268486145
7-466900,268373505
5-463179,268601066
7-1215767,268487937
7-1035424,268468226
5-338466,268619777
7-1035615,268599297
7-1214136,268340794
7-646955,268479489
7-644665,268608482
7-324234,268471866
7-827133,268479489
7-1395460,268485810
5-87622,268637185
5-87634,268468481
5-643140,268484610
7-1035485,268613633
7-1395428,268584114
5-643119,268601066
7-504360,268476962
7-1035256,268489729
5-158351,268582913
7-824735,268604673
7-824711,268502778
7-504317,268613633
7-644549,268484609
5-87417,268627969
7-505837,268371378
7-484006,268384257
5-159968,268391169
7-504042,268626433
7-1215245,268621057
7-464344,268584626
7-325663,268553338
5-338287,268517377
7-485964,268599297
7-465862,268613633
7-1035008,268613633
7-1215060,268517377
7-464180,268584626
7-465958,268484522
5-339920,268619777
5-658528,268502194
7-645877,268596098
7-644044,268484522
7-485756,268486145
5-820561,268500993
7-645816,268484609
7-644160,268495361
7-465608,268596098
5-519648,268637185
7-145318,268648362
5-159549,268391169
5-501637,268637185
5-87031,268730369
7-1392652,268599297
7-645901,268613633
7-465750,268489729
7-485543,268451754
5-641870,268481162
7-1392738,268713985
5-478089,268599297
5-658034,268481162
5-820356,268599297
5-339410,268627969
5-141235,268648362
5-839860,268479489
7-645461,268471866
7-142670,268608482
5-84440,268517377
5-820155,268506113
7-825478,268489729
7-1212269,268382209
5-838090,268500993
5-499035,268506113
5-821558,268506113
7-825303,268479489
5-641229,268625010
7-645377,268604673
7-322748,268479489
5-156646,268582913
7-482638,268599297
5-338954,268648449
7-502615,268604673
7-1392161,268561409
5-501029,268475905
7-1392220,268608482
7-1032069,268583169
7-465321,268489729
7-465300,268619009
5-516657,268627969
5-821368,268475905
5-460887,268582913
7-1393691,268492946
5-659229,268371154
7-645105,268612234
7-502408,268620545
5-156568,268599297
7-1033032,268584626
7-503935,268384257
5-476491,268582913
5-516351,268479489
5-820820,268506113
7-142096,268504634
7-323835,268604673
7-502348,268353793
7-642758,268608482
7-824915,268354826
7-462599,268730369
7-642711,268386049
5-516558,268475905
7-1393509,268566529
7-322129,268386049
7-1393222,268517121
7-143585,268484610
7-463802,268599297
5-496319,268593921
7-642334,268570170
7-1392846,268621057
7-1392983,268369921
7-463671,268355073
5-496174,268577793
7-822319,268612234
5-337616,268402689
7-822072,268615681
5-497882,268506113
7-823830,268517377
7-643658,268608482
7-143314,268493938
5-517798,268637185
7-1030567,268602881
7-1210705,268648193
5-337418,268613633
7-1030548,268604673
7-463714,268502529
7-483545,268608001
5-517790,268599297
7-822138,268484610
5-656086,268601066
5-337516,268593921
5-82721,268517121
5-836015,268637185
7-1030551,268627969
5-82633,268593921
7-643703,268563201
7-1210595,268502529
7-322946,268517377
7-1028353,268488250
7-502874,268382209
5-837882,268621057
7-483173,268487937
7-1390369,268369921
5-156951,268496897
7-502944,268477410
7-482838,268593921
7-158742,268615681
7-503016,268485810
7-1390360,268477410
7-1210074,268599297
7-338727,268506113
7-498652,268386049
5-337142,268402689
7-482953,268582913
7-643389,268566529
7-483103,268566529
7-503090,268373505
7-518620,268613633
7-500785,268404474
7-463137,268451841
7-1391972,268479489
7-1210155,268602881
7-1391955,268382209
7-320597,268599297
7-1029741,268517377
7-822860,268502778
7-518440,268506113
5-496909,268500993
5-154593,268577793
7-1211788,268353793
7-460704,268502529
7-822973,268489985
7-518522,268373505
7-1391701,268386049
7-640744,268360506
7-1389458,268506113
7-1209453,268589882
7-518225,268504634
7-1029278,268369921
7-518215,268489729
7-500364,268353450
5-154340,268364545
5-836826,268479489
7-320169,268489729
7-518307,268484609
7-500309,268593921
7-478223,268612234
7-498064,268435713
7-1211240,268486145
7-478347,268593921
7-1029043,268353450
7-501978,268484609
7-460289,268506113
7-501940,268602881
7-518146,268504634
5-334042,268648193
7-500130,268484609
7-460091,268484609
7-501741,268730369
7-479666,268486145
5-654255,268589882
7-461978,268584626
7-1391039,268359754
7-499634,268397057
7-499768,268602881
7-498128,268602881
7-321775,268488250
7-159401,268584626
7-1390871,268608482
7-1186617,268582913
7-640178,268484522
5-83079,268619777
7-499687,268628698
7-838310,268613633
7-499695,268600754
7-820071,268604673
7-501443,268355073
7-820041,268584114
7-659893,268608482
7-1366630,268482561
7-839991,268489729
5-475668,268475905
7-140966,268626433
7-1186515,268608001
7-140881,268489729
7-461508,268485810
7-159117,268466177
5-655658,268500994
7-320995,268495361
7-321256,268495361
7-339228,268353450
7-140872,268584626
7-321342,268471866
7-1186046,268613633
5-154940,268599297
7-500965,268487937
7-1366344,268608482
7-659519,268476962
7-498824,268599297
7-481019,268468226
7-500984,268487937
7-821331,268502529
7-1366111,268600754
5-495132,268517121
5-98056,268648449
7-336764,268624018
5-152669,268391169
7-478989,268572161
7-821240,268604673
7-1366184,268477410
5-334936,268500993
7-496795,268480513
7-821394,268353538
5-835454,268582913
7-839350,268584626
5-494960,268627969
7-640995,268249345
7-836675,268735906
5-834831,268496897
5-652653,268502778
7-476239,268626433
5-514886,268637185
7-1367649,268608482
7-641092,268624018
7-156347,268600754
7-496188,268451841
7-517817,268506113
7-516178,268477410
5-332295,268613633
5-99586,268517377
7-836427,268563201
7-9892,268492946
7-476355,268484609
7-497895,268599297
5-99249,268501249
7-476193,268353793
7-157560,268628698
7-516152,268593921
7-1187161,268484609
7-497918,268480513
7-517914,268489729
7-836224,268608001
7-1006893,268481162
5-512066,268391169
7-497799,268386049
5-513943,268495873
5-81073,268637185
7-9565,268502778
7-9531,268614410
7-1367198,268613633
7-1367014,268493938
7-476100,268496897
7-657991,268697601
5-81132,268648449
5-80905,268619777
7-657787,268485810
7-497269,268353793
7-656110,268593921
5-513674,268517121
7-497544,268479489
7-657631,268484609
7-1184501,268599297
7-837618,268504634
5-493456,268479489
7-1364578,268608034
5-653679,268628698
7-497322,268599297
5-96706,268619777
7-1184343,268589882
7-516869,268599297
7-9138,268589882
7-337103,268613633
7-1364221,268404474
7-837385,268484609
7-656825,268495361
7-154267,268502529
5-150708,268627969
7-837422,268485810
7-1185973,268626433
7-837232,268481162
7-656872,268624018
7-514713,268476962
7-6559,268340794
7-334520,268594418
5-492933,268577793
7-657126,268485810
5-97802,268637185
5-97803,268517377
7-494414,268697601
7-6269,268379106
7-494547,268582914
7-514261,268582657
7-834678,268484610
7-834665,268477410
7-1185539,268613633
7-654739,268489729
5-833311,268599297
7-514222,268353450
5-150379,268577793
7-7860,268492946
5-470754,268402689
7-7825,268612234
5-832987,268613633
7-1005387,268582913
7-1365509,268473298
7-1185066,268596098
7-1185042,268621057
7-155472,268582657
7-335699,268359425
7-834250,268613633
7-1004901,268746753
7-515608,268340794
7-475931,268485810
5-828439,268621057
5-489987,268599297
5-468319,268593921
7-7589,268624018
5-331750,268593921
5-469810,268637185
5-828248,268502529
5-97130,268648193
5-511776,268496897
5-830373,268599297
5-830350,268496897
7-155189,268517121
7-1365090,268466177
5-471864,268475905
7-1002755,268593921
5-468056,268599297
5-94623,268501249
7-335330,268561409
7-1362447,268628698
7-475565,268496897
7-154934,268612234
7-1182208,268628698
7-1362533,268583169
5-150851,268599297
7-334914,268340794
7-1003864,268476962
7-495019,268484609
5-469412,268479489
7-515003,268593921
5-509200,268627969
7-495157,268593921
5-469506,268599297
7-4761,268608482
7-152428,268382209
7-1183934,268734562
5-651548,268360506
5-489053,268599297
7-654821,268610890
5-511018,268479489
7-474896,268353538
7-655001,268517377
7-4402,268713985
7-492680,268621057
5-649222,268485810
5-468861,268501249
5-94046,268619777
5-95849,268648449
5-286779,268619777
5-511103,268500993
5-511092,268500993
7-1003684,268453889
7-834801,268613633
7-835188,268771114
7-1183441,268624018
5-468941,268479489
7-1363775,268382209
7-492265,268484609
5-286574,268402689
7-152172,268582913
5-831312,268582913
7-652629,268392546
7-332201,268435458
5-829210,268468481
7-153850,268435713
5-95782,268627969
5-648904,268485810
7-152107,268387818
7-492299,268435713
7-1183354,268624018
7-1363248,268593921
7-472357,268504634
7-472317,268484522
7-1003180,268452097
7-513911,268397057
7-5758,268360506
5-307978,268618874
7-333464,268561409
5-95343,268648449
7-473933,268355585
7-473895,268384257
7-1003123,268435713
5-626572,268484610
7-1363048,268583169
7-1002889,268500994
7-1363131,268340794
5-287634,268517121
7-652105,268477410
5-446002,268500906
7-493404,268353793
7-153298,268476962
5-307697,268737938
7-473477,268384257
5-627831,268381514
7-1360687,268473298
7-1000491,268435713
7-1360431,268613633
5-92779,268619777
7-493214,268485810
7-153134,268355585
7-4846,268485810
5-307353,268618874
7-493032,268371378
7-1198072,268599297
5-92577,268517121
7-513324,268484609
5-307217,268484610
7-150793,268359754
7-150771,268648362
7-1360215,268504634
7-473285,268612234
7-512959,268482561
7-1018005,268360506
5-127106,268615682
7-493117,268730369
7-1001925,268473298
7-2713,268608482
7-510605,268489729
5-124758,268547610
7-652853,268484609
7-328424,268502529
7-653028,268613633
7-1019790,268340794
7-1360123,268371378
7-1360134,268615681
7-653101,268471866
7-470748,268496897
7-468739,268495361
7-648644,268604673
7-328571,268484609
7-508689,268486145
7-468618,268604673
7-148207,268624018
7-490561,268582657
7-1379760,268479489
7-150282,268382209
7-1379767,268451754
7-148307,268586554
7-328226,268484609
7-508551,268379106
7-650764,268381514
7-1379681,268484610
7-490495,268484609
7-490497,268624018
5-444644,268648362
5-124249,268459410
7-470579,268489729
7-328337,268621057
7-149966,268608482
7-1019514,268694529
5-304522,268730369
7-830637,268466177
7-508384,268484609
7-149921,268600754
5-444796,268648362
7-470539,268613633
7-331839,268495873
7-2119,268608034
7-648495,268604673
7-3912,268476962
7-488175,268599297
7-2051,268612234
7-468513,268746753
7-648405,268484522
7-1001321,268487937
7-151466,268382209
7-488154,268613633
7-3633,268610890
7-510104,268373505
7-329718,268517377
7-1198898,268382209
5-444228,268481162
5-444385,268484610
7-149421,268484610
7-1019142,268495873
7-511666,268476962
5-624565,268601066
7-828391,268482561
7-489616,268734562
7-468103,268599297
7-149494,268360506
7-830280,268379106
7-509712,268481162
7-511465,268473298
5-93049,268619777
7-648031,268502778
7-331437,268624018
7-1016784,268488250
7-491732,268355585
5-444150,268615682
5-285465,268619777
7-3224,268502778
7-649794,268382209
7-509581,268360506
5-285682,268619777
7-829967,268613633
7-830171,268386049
7-471601,268386049
7-491477,268435713
7-329535,268495361
7-649898,268484610
7-511533,268382858
7-489517,268566529
7-148837,268600754
7-148998,268340794
7-148939,268600754
7-148924,268484609
7-2874,268471866
7-2843,268451754
7-829661,268746753
7-471580,268584626
7-329338,268615681
7-3312,268596098
7-829445,268572161
7-651491,268487937
7-508833,268435713
7-490998,268582657
7-329020,268471866
7-469511,268608482
7-490870,268486145
7-126791,268476962
7-489144,268484609
7-490956,268249345
7-468859,268484609
7-286681,268589882
7-1376048,268379106
7-469115,268608001
7-649179,268489729
7-266691,268479489
7-126301,268453889
7-1377739,268484522
7-828925,268492946
7-266519,268489729
5-91829,268621057
7-1017700,268498458
7-306503,268489729
7-86558,268648362
7-828901,268589882
7-266505,268486145
7-828888,268506113
5-262718,268360506
7-1377458,268489729
7-86399,268471866
7-446550,268492946
7-287871,268484610
7-307842,268479489
7-806609,268604673
7-1017247,268384257
7-266359,268613633
5-91453,268648449
5-442444,268392546
7-287936,268604673
5-262516,268502778
7-1197227,268382209
7-307835,268506113
7-266322,268599210
7-1197393,268502529
5-89587,268501249
7-267801,268600754
7-626269,268453889
5-91568,268391169
5-802627,268627969
7-1196829,268397057
7-87884,268496897
7-287790,268582913
7-307614,268505857
7-307794,268599210
5-442260,268618874
7-1017080,268435458
7-307704,268613633
5-442231,268517290
7-446141,268489729
7-1377031,268354826
5-263974,268604370
5-89072,268593921
7-627941,268451754
7-447629,268382209
7-806385,268506113
7-986378,268495873
7-87710,268600754
7-1377120,268502529
7-127380,268484610
5-263654,268625010
7-986194,268561409
7-267523,268485810
7-987905,268620545
7-987669,268561409
5-123391,268737938
7-306830,268486145
7-627509,268599297
7-304668,268492946
7-987587,268600754
7-284621,268404474
7-987722,268613633
7-287147,268477410
7-987697,268502778
7-124618,268502529
7-284261,268500994
5-67969,268648193
5-67975,268500993
5-318694,268737938
7-1194021,268602881
5-803696,268500993
7-264608,268479489
7-264778,268466177
7-807396,268734562
5-298670,268501249
7-987311,268479489
7-626899,268608482
7-987147,268621057
7-284219,268772865
7-84488,268381514
7-84271,268504634
5-298432,268613633
5-67641,268501249
7-444580,268608482
7-125942,268359754
5-280505,268496897
7-84327,268502194
7-444514,268379106
5-298224,268501249
7-84361,268493938
7-1375424,268746753
7-264230,268613633
7-444546,268392546
5-638630,268485810
7-304132,268495873
7-85980,268452097
7-1375252,268386049
5-260496,268502778
7-85815,268586554
7-284095,268613633
7-1015315,268713985
5-299991,268593921
7-285729,268479489
5-260303,268624018
7-85793,268608482
7-305651,268485810
5-67270,268501249
7-444022,268608482
5-440273,268604370
7-444113,268589882
5-121757,268371154
7-285405,268479489
5-440332,268473298
7-1375032,268608482
7-1374810,268360506
5-299890,268517377
5-299661,268501249
5-278105,268648362
7-285489,268619009
7-85572,268608482
7-265585,268476962
7-85391,268604673
5-459610,268730369
5-459614,268479489
5-620131,268502194
7-625658,268404474
7-804173,268586554
7-85480,268596098
7-1372752,268451841
5-67087,268364545
7-265480,268382858
7-984101,268620545
7-125035,268608034
5-818178,268599297
7-84862,268608482
5-441685,268604370
7-445250,268584114
7-125112,268624018
7-85318,268471866
7-445497,268608482
7-304834,268593921
5-639703,268371154
5-621468,268481162
5-301056,268501249
7-805537,268600754
7-122635,268435458
7-1372266,268755402
5-800130,268582913
5-819669,268577793
7-304972,268484609
7-304959,268563201
7-122630,268404474
7-805713,268487937
7-625067,268600754
7-805386,268697601
7-624840,268487937
5-441341,268648362
7-264886,268249345
7-985504,268249345
7-1372065,268485810
7-302472,268484522
5-801206,268730369
5-638857,268624018
5-638831,268589882
5-296403,268619777
7-445093,268608001
7-1193634,268572161
7-1373899,268468226
7-805297,268608034
5-65835,268637185
7-442766,268610890
7-122350,268599297
7-262584,268373505
7-982672,268602881
5-621165,268484522
7-82385,268452097
7-302303,268624018
5-456524,268608114
7-262122,268613633
7-123458,268468226
5-65259,268593921
5-456730,268599210
7-283896,268382209
7-802598,268471866
7-622243,268353793
7-262386,268613633
5-296515,268364545
7-82302,268484609
7-622402,268387818
7-1372874,268746753
7-802249,268608482
5-297952,268479489
7-1008679,268572161
7-1373166,268517377
7-802352,268481162
7-982326,268608482
7-1010761,268451841
7-263688,268582913
7-1190746,268492946
7-263438,268486145
7-1010684,268477410
7-303513,268506113
5-64987,268627969
7-1370798,268624018
7-802018,268612234
7-123294,268504634
5-277799,268625010
7-802140,268602881
5-277613,268392546
7-802019,268600754
7-1370606,268488250
7-623645,268477410
7-123303,268382858
5-816361,268613633
5-277768,268360506
7-122823,268486145
7-123028,268599297
7-1190500,268484522
5-637927,268604370
5-816048,268479489
5-637903,268500994
7-263496,268608482
7-1370714,268479489
7-83231,268473298
7-303327,268479489
7-1370561,268340794
5-457742,268484610
7-803768,268612234
7-443486,268502778
7-122892,268481162
7-263348,268489729
7-283004,268355585
7-120620,268473298
5-457461,268484610
7-303099,268496897
7-262857,268582657
7-1368226,268485810
7-803598,268517377
7-1189868,268484609
7-1370208,268582913
7-138735,268648362
7-623253,268584114
7-300638,268484609
7-120709,268481162
7-1011824,268476962
7-1190026,268602881
7-1189831,268397057
5-457557,268601066
7-263157,268482561
7-1008197,268379106
7-623342,268599210
7-1369876,268468225
7-1190129,268613633
7-1368186,268608482
7-260789,268627969
5-276960,268589882
7-983326,268484522
7-983244,268485810
7-1191678,268604866
7-1191661,268435713
7-1189669,268502529
5-294628,268615681
7-138228,268453889
7-1368109,268626433
7-1369665,268487937
7-1369666,268608482
5-314779,268618874
7-803069,268600754
5-294772,268619777
7-802977,268561409
5-294473,268730369
7-620634,268485810
7-298380,268371378
7-1011405,268746753
5-274761,268628698
5-274777,268485810
7-620741,268484522
7-280482,268582657
7-278455,268582657
7-280489,268582657
7-98549,268612234
5-274464,268371154
7-120145,268600754
7-440553,268582914
7-620471,268468226
7-1191520,268489985
7-120014,268392546
7-138163,268484522
7-80392,268481162
7-1371414,268484610
7-1369594,268517377
7-121903,268593921
7-120111,268502778
7-1189384,268487937
7-260300,268435713
7-278308,268604673
7-280152,268486145
7-620509,268493938
7-301660,268604866
7-1371232,268355585
7-638275,268435713
7-638547,268624018
7-139611,268482561
7-458393,268482561
7-301884,268627969
7-121736,268473298
7-1190857,268613633
5-274214,268484610
7-1010816,268488250
7-458045,268482561
7-301762,268608482
7-458048,268482561
7-1009165,268608482
7-441854,268386049
7-81676,268502778
7-319747,268435458
7-459808,268484609
7-1370829,268402690
7-1368984,268249345
7-459886,268517377
5-295663,268648449
7-139577,268484609
7-301715,268613633
7-818225,268340794
7-299717,268486145
7-800274,268353538
7-139594,268604673
7-81608,268608482
5-295943,268501249
7-1370946,268492946
7-1370954,268608482
7-800338,268613633
7-299560,268435713
7-139222,268502194
7-818308,268608482
7-1166742,268484522
7-998070,268466177
5-455836,268484610
7-998027,268486145
7-441744,268392546
7-441745,268599297
5-814240,268502529
7-621676,268451754
7-261579,268566529
7-819952,268626433
7-1346722,268486145
7-261243,268391169
7-301333,268608482
7-981649,268628698
7-281288,268382858
7-1166509,268561409
7-1166227,268608001
7-801741,268531226
7-801756,268485810
7-319013,268384257
7-280814,268613633
5-78711,268615681
7-301167,268746753
5-78468,268637185
7-299127,268484522
7-298904,268563201
7-981457,268608482
7-301116,268452097
7-639494,268487937
7-1166166,268487937
7-999481,268451841
5-315199,268601066
7-296748,268489729
7-296732,268517377
7-440974,268493938
7-1166090,268506113
5-78375,268501249
5-295080,268501249
5-132711,268502194
7-136226,268604866
7-819289,268517377
7-1346113,268487937
7-1167659,268382209
7-1347997,268477410
7-1346173,268626433
7-1346148,268468226
5-635391,268484610
7-639131,268477410
5-61801,268517121
5-275117,268500994
5-132515,268484522
7-999082,268599297
5-292407,268593921
5-634974,268589882
7-980839,268697601
7-276419,268382209
7-999199,268612234
7-998977,268608482
7-96487,268628698
7-96509,268648362
7-636602,268608482
7-801123,268593921
7-636416,268484609
5-815140,268496897
7-456237,268489729
7-297624,268593921
7-316059,268435458
7-1167235,268475794
7-276325,268608482
7-276331,268486145
7-636390,268614410
7-297740,268604673
7-816263,268608482
7-277677,268697601
5-632561,268371154
7-456015,268249345
7-996223,268633601
7-1164652,268476962
7-636107,268384257
7-1344767,268608001
5-293420,268500993
5-452087,268481162
5-133460,268371154
7-996315,268608482
7-636125,268452097
7-97598,268708097
7-457591,268382209
7-96871,268506113
7-1344491,268599210
7-97003,268615594
7-96977,268608482
7-997569,268582913
5-76527,268364545
7-1165943,268608482
7-1345865,268382858
7-637354,268355585
7-997250,268480513
7-294693,268476962
5-633550,268485810
7-997230,268484609
5-292905,268619777
7-1344145,268492946
7-636816,268476962
7-94423,268610890
7-816870,268476962
7-637125,268468226
5-308731,268648362
7-1345784,268563201
5-76172,268615681
5-130565,268612234
7-816858,268517121
7-134359,268353538
7-94578,268476962
7-314265,268589882
7-294227,268613633
5-632831,268360506
5-308584,268459410
7-94202,268484609
7-814650,268502778
7-134171,268582657
7-135977,268430337
7-814790,268484522
7-994779,268386049
7-634452,268381514
7-454262,268486145
7-1165212,268593921
7-814712,268484609
7-634550,268572161
5-288368,268619777
5-128032,268381514
7-135691,268466177
5-289870,268648449
5-808784,268613633
7-295604,268582913
7-135774,268604866
5-77403,268619777
7-315660,268373505
7-95949,268435458
7-814556,268481162
7-1345357,268468226
5-268368,268473298
5-131640,268381514
7-95786,268608482
7-1345054,268608001
5-77207,268364545
5-310127,268618874
7-1345000,268502778
7-454127,268604673
5-628485,268608114
5-77352,268500993
7-95585,268624018
5-268116,268608482
5-311723,268648362
5-289727,268648449
7-994323,268486145
5-810551,268506113
5-268098,268502778
7-95402,268713985
7-814374,268566529
7-295431,268608482
7-135270,268504634
7-295592,268489729
5-289427,268637185
7-135022,268582913
7-995904,268480513
7-994090,268608001
5-129245,268381514
5-628173,268502778
5-808308,268599297
7-95397,268604673
7-275202,268613633
7-995785,268613633
7-1342407,268582913
5-291519,268475905
7-274807,268482561
5-309062,268547610
7-815545,268604866
5-271321,268608114
7-995609,268572161
7-134912,268484610
7-1342556,268495361
7-295172,268613633
7-275286,268353793
7-995707,268517377
5-808085,268500993
7-274983,268599297
5-288962,268648449
7-132595,268648362
5-106635,268737938
7-815232,268746753
7-455147,268593921
7-292438,268452097
7-1342168,268484609
7-132509,268600754
5-269144,268481162
7-1343885,268451841
7-452790,268713985
5-270906,268500906
7-132371,268386049
7-635108,268359425
7-272432,268566529
7-292267,268355585
7-452452,268496897
7-814904,268359754
7-452410,268479489
7-992657,268488250
7-272207,268484609
7-92326,268713985
5-75731,268593921
7-452265,268604673
7-132298,268480513
7-132281,268475794
7-92491,268604866
7-1163593,268604673
7-133669,268473298
7-812685,268608482
7-1163282,268489729
7-812436,268730369
7-293642,268386049
7-992414,268504634
7-812417,268608034
7-293765,268582657
7-133593,268452097
7-992228,268626433
7-992229,268435457
5-606556,268496897
7-1342935,268477410
7-293552,268484609
7-133389,268612234
5-75196,268627969
7-93682,268493938
7-992346,268648193
7-313414,268495873
7-313566,268608482
7-992204,268583169
7-313456,268359754
7-992358,268484610
7-992340,268566529
7-812186,268604866
7-93533,268353538
7-1340725,268451841
7-133039,268496897
7-293349,268373505
7-633749,268468226
7-633714,268582913
7-292871,268713985
5-786136,268496897
7-312998,268479489
7-993748,268608482
5-427710,268484610
7-93014,268604673
7-293115,268633601
7-290642,268479489
5-72535,268501249
7-273318,268608482
7-1358500,268555521
7-993690,268482561
7-1358491,268596098
7-92848,268492946
7-273079,268582913
7-293085,268479489
7-130775,268481162
7-290769,268476962
7-272890,268452097
7-128577,268608482
7-1341822,268452097
7-268629,268566529
7-813229,268382209
7-268784,268608482
7-1359992,268604673
7-268749,268435713
7-270756,268506113
5-104734,268485810
7-308409,268504634
7-128378,268379106
7-1161705,268502778
5-427002,268625010
7-628673,268392546
7-128257,268737938
7-448654,268502194
7-1179776,268599297
7-450627,268593921
7-90504,268471866
7-992950,268555521
5-607046,268517121
7-310217,268487937
7-813192,268495361
7-813014,268504634
7-288254,268730369
7-90537,268404474
7-992899,268484609
7-128021,268502529
7-630745,268608482
7-990650,268487937
7-289866,268430337
7-988782,268371378
7-1179272,268615681
7-88357,268493938
7-311852,268604673
7-309821,268479489
7-450516,268451841
7-288005,268481162
7-450214,268604673
7-448378,268589882
7-91978,268500906
7-630511,268589882
7-289807,268613633
7-91861,268404474
7-1179348,268504634
7-268071,268489729
7-1179313,268489729
7-450348,268484609
7-90146,268496897
7-269996,268485810
7-131704,268435713
7-311633,268484609
7-91886,268379106
7-270089,268599297
7-309740,268626433
7-628340,268353450
7-269672,268596098
7-451993,268479489
7-89759,268473298
5-73368,268501249
7-448122,268485810
7-1358990,268582657
7-129560,268583169
7-1178881,268624018
7-1160907,268473298
7-129541,268593921
7-1341014,268608482
5-73352,268501249
7-448083,268502778
7-451661,268589882
7-990347,268566529
7-91687,268484610
7-988351,268386049
7-309406,268628698
7-289576,268482561
7-269689,268624018
7-271689,268382858
7-628122,268473298
7-630127,268340794
7-630130,268382209
7-631929,268517377
7-989838,268612234
7-629917,268582914
7-810169,268386049
7-291226,268492946
5-72936,268619777
7-990110,268582657
5-68677,268593921
7-271261,268584626
7-1176545,268624018
7-808153,268473298
7-311360,268604673
7-810102,268713985
7-989886,268613633
7-291350,268373505
7-1176550,268484610
7-451581,268359754
7-131164,268384257
7-308869,268602881
7-989790,268353793
7-129098,268504634
7-989766,268506113
7-309306,268484609
7-89362,268506113
7-451547,268561409
7-289065,268486145
7-88824,268485810
7-291157,268599297
5-104849,268737938
7-989446,268583169
7-88860,268600754
7-290960,268604673
7-106626,268713985
7-91047,268485810
7-989457,268489729
7-271007,268506113
7-811592,268589882
7-268951,268480513
7-269118,268600754
7-448962,268382209
7-1357978,268485810
7-448911,268502194
5-69900,268615681
5-69911,268402689
5-70094,268479489
7-106048,268604673
7-246745,268466177
7-630987,268599297
7-631192,268484609
7-989311,268489729
5-424837,268604370
7-1357786,268599210
5-425162,268601066
7-991013,268487937
7-628949,268487937
7-630955,268628698
7-630885,268613633
7-808838,268584114
7-107917,268489729
7-66294,268594418
5-242566,268502778
5-242550,268628698
7-426445,268359754
7-246504,268496897
7-989119,268484609
7-786467,268500906
5-422470,268547610
5-69445,268500993
7-426387,268589882
7-786518,268489985
7-1176807,268484609
5-422515,268618874
5-422272,268484610
7-107417,268737938
5-69381,268364545
7-426176,268600754
7-1176915,268485810
5-422363,268612234
5-69321,268613633
5-962419,268496897
7-606159,268360506
7-1174727,268488250
7-1354644,268355585
5-70800,268619777
7-966180,268485810
7-247584,268620545
7-107064,268624018
7-966146,268548865
7-107070,268583169
5-70902,268500993
7-106876,268482561
5-243771,268648362
5-46652,268502778
7-1174529,268500906
7-607575,268600754
7-967459,268486145
7-787535,268489985
7-1174319,268484609
7-1174536,268517377
7-106956,268517121
7-106923,268599297
7-787474,268502194
7-107095,268482561
7-247335,268730369
7-787567,268484610
7-607569,268624018
7-66972,268604673
7-1354399,268600754
7-104722,268468226
7-427330,268621057
7-104735,268473298
7-246970,268479489
7-64673,268484522
7-247098,268604673
7-1175974,268402690
5-423265,268484610
7-787328,268496897
5-100742,268637185
7-427081,268481162
7-426906,268486145
5-242983,268360506
7-64711,268392546
7-1355939,268502529
5-243168,268484610
7-786952,268561409
7-607082,268484609
7-787114,268600754
7-1175463,268379106
7-1355603,268386049
7-784648,268613633
5-118381,268360506
7-64376,268477410
7-64351,268435458
5-603118,268500993
7-424471,268468226
7-424422,268493938
7-1355470,268480513
7-64235,268476962
7-1355574,268584626
7-424262,268613633
5-963190,268621057
7-604597,268476962
5-438417,268601066
5-600716,268648449
7-425863,268482561
5-618442,268481162
7-244302,268353793
7-245851,268391169
7-65985,268608482
7-244001,268355585
7-964517,268619009
7-1174955,268489729
7-65605,268608482
7-65764,268771114
5-241844,268601066
7-964340,268484522
7-65701,268488250
7-784036,268604673
7-245682,268489985
5-600398,268475905
7-65438,268594418
7-784154,268582913
7-964039,268453889
7-245595,268582657
7-105298,268468226
5-439945,268618874
7-105316,268502194
7-245551,268615594
7-965951,268479489
7-425467,268600754
5-600082,268500993
7-104891,268360506
5-961962,268601066
5-799698,268613633
7-965925,268479489
5-420115,268500906
7-65251,268485810
7-964094,268502529
5-101273,268637185
5-619986,268484610
7-1352421,268593921
7-245204,268489985
7-965563,268502194
7-1172013,268477410
7-1173817,268619009
7-62670,268484522
7-62618,268600754
7-965252,268570170
5-799544,268391169
5-619524,268485810
5-44367,268608114
5-781532,268577793
7-605042,268608034
5-439343,268601066
7-1352130,268610890
7-604924,268502778
7-785133,268353450
7-965057,268489985
7-103947,268485810
7-782477,268355585
7-962795,268599210
7-782544,268487937
5-420931,268392546
7-242501,268384257
7-962665,268486145
7-102011,268582914
7-243815,268502529
7-1353042,268476962
5-796542,268582913
7-1352824,268487937
7-782555,268568065
7-242042,268451841
7-62159,268485810
7-63947,268599210
5-436385,268459410
7-103527,268624018
7-1170648,268476962
7-243773,268373505
7-602026,268381514
5-436281,268755402
7-962328,268506113
5-45078,268608482
5-436166,268502194
7-603638,268608482
7-1168405,268589882
7-103041,268484610
7-602148,268484522
7-603908,268485810
7-783912,268479489
7-423724,268485810
5-117212,268371154
7-423554,268624018
7-1170275,268486145
7-1350596,268451841
7-63325,268584626
7-1350557,268484609
7-1348519,268582657
7-1348501,268746753
7-100756,268481162
7-63158,268735906
7-118682,268502194
7-118712,268484522
7-1170005,268608482
7-1348280,268404474
7-242891,268353793
7-118419,268404474
5-42399,268502778
7-423141,268476962
7-1348025,268496897
7-1169897,268468226
7-603063,268610890
7-783076,268517121
7-602845,268360506
7-1349964,268608482
7-603002,268502194
7-438671,268392546
7-963325,268435713
7-1350081,268485810
7-100381,268502194
7-603137,268608482
7-602902,268608482
7-602910,268386049
7-962986,268608001
7-963128,268608482
7-962932,268608482
7-101852,268471866
7-1351435,268504634
7-1169275,268586554
5-434767,268601066
7-1349560,268504634
7-119854,268610890
7-1349464,268608482
7-960669,268600754
7-618680,268628698
7-240351,268486145
7-1349552,268672402
7-618402,268485810
7-1171397,268485810
7-1171341,268502194
5-434711,268599210
7-618417,268504634
